Date,Last Price,Open Interest,SMAVG (15)
2/10/2025,660.25,,
2/7/2025,654,2256,2080
2/6/2025,650.25,2256,2043
2/5/2025,651.25,2319,2006
2/4/2025,657,2224,1958
2/3/2025,656.25,2218,1899
1/31/2025,654.75,2097,1840
1/30/2025,655.25,2105,2784
1/29/2025,655.75,2127,3700
1/28/2025,654.25,2142,4609
1/27/2025,658,2069,5528
1/24/2025,666,2034,6456
1/23/2025,666.75,1968,7387
1/22/2025,669.5,1788,8323
1/21/2025,672.25,1795,9295
1/20/2025,672.25,1795,10247
1/17/2025,676,1715,11201
1/16/2025,674.5,1687,12159
1/15/2025,679.75,1611,13121
1/14/2025,676.5,1334,14091
1/13/2025,675.5,1334,15072
1/10/2025,673.75,16255,16053
1/9/2025,669.75,15850,16044
1/8/2025,662.75,15752,16013
1/7/2025,667.75,15940,15972
1/6/2025,668.25,15980,15910
1/3/2025,665.5,16002,14935
1/2/2025,670.75,16005,13957
12/31/2024,660.75,16366,12979
12/30/2024,657.5,16082,11975
12/27/2024,652.25,16101,10987
12/26/2024,647.25,16080,9992
12/24/2024,648.5,16129,8998
12/23/2024,644.25,16150,8005
12/20/2024,647.25,16049,7007
12/19/2024,649.25,16056,6014
12/18/2024,659.5,16117,5020
12/17/2024,651.75,15388,4022
12/16/2024,658.5,15128,3072
12/13/2024,661.75,15015,2139
12/12/2024,652,1353,1215
12/11/2024,656,1336,1202
12/10/2024,653.25,1331,1177
12/9/2024,654.25,1309,1152
12/6/2024,643.75,1263,1129
12/5/2024,647,1174,1109
12/4/2024,654.75,1177,1094
12/3/2024,659.75,1229,1078
12/2/2024,649.75,1182,1112
11/29/2024,656.75,1151,1149
11/28/2024,652,1148,1181
11/27/2024,655.5,1148,1209
11/26/2024,663,1132,1234
11/25/2024,656.5,1141,1259
11/22/2024,671.5,1151,1284
11/21/2024,667.75,1162,1308
11/20/2024,664.5,958,1330
11/19/2024,664.75,958,1365
11/18/2024,664.75,958,1399
11/15/2024,657.25,973,1433
11/14/2024,658.75,940,1466
11/13/2024,658.25,935,1499
11/12/2024,660.75,1739,1530
11/11/2024,657,1737,1506
11/8/2024,666.75,1634,1473
11/7/2024,676.25,1566,1446
11/6/2024,680.25,1531,1415
11/5/2024,683.75,1509,1385
11/4/2024,675.75,1509,1357
11/1/2024,669,1509,1328
10/31/2024,666.5,1489,1299
10/30/2024,663.25,1482,1410
10/29/2024,647.75,1470,1512
10/28/2024,653.5,1474,1617
10/25/2024,677.75,1467,1758
10/24/2024,669.25,1427,1909
10/23/2024,671,1401,2028
10/22/2024,677.5,1390,2150
10/21/2024,663.75,1236,2270
10/18/2024,657.5,1234,2396
10/17/2024,664.75,1100,2521
10/16/2024,661.5,1083,2621
10/15/2024,663.5,1083,2722
10/14/2024,688.5,1072,2822
10/11/2024,699,1071,2921
10/10/2024,693.25,3162,3016
10/9/2024,687,3013,2961
10/8/2024,689,3049,2913
10/7/2024,709,3578,2862
10/4/2024,697.5,3743,2777
10/3/2024,688.5,3209,2679
10/2/2024,670.25,3223,2599
10/1/2024,678.25,3189,2518
9/30/2024,665,3130,2438
9/27/2024,659.25,3104,2362
9/26/2024,664.25,2607,2288
9/25/2024,674.25,2593,2200
9/24/2024,674,2592,2101
9/23/2024,666.75,2553,2002
9/20/2024,669.25,2498,1905
9/19/2024,669.75,2331,1812
9/18/2024,663.25,2294,1730
9/17/2024,662.25,2284,1639
9/16/2024,655.75,2311,1542
9/13/2024,657.5,2260,1432
9/12/2024,662.25,2023,1325
9/11/2024,642.25,1996,1235
9/10/2024,646.25,1992,1146
9/9/2024,655.25,1996,1056
9/6/2024,658.25,1991,965
9/5/2024,667.25,1287,873
9/4/2024,665.5,1110,828
9/3/2024,670.75,1102,794
9/2/2024,684,1102,761
8/30/2024,687.75,1102,944
8/29/2024,696.75,1098,1128
8/28/2024,691.25,938,1311
8/27/2024,700.75,820,1504
8/26/2024,709.75,661,1706
8/23/2024,696.75,662,1917
8/22/2024,690,664,2123
8/21/2024,689,662,2329
8/20/2024,687,651,2532
8/19/2024,700.25,621,2733
8/16/2024,702.75,613,2926
8/15/2024,714.75,608,3111
8/14/2024,708.5,608,3290
8/13/2024,710.25,608,3469
8/12/2024,710.25,3837,3643
8/9/2024,703.25,3866,3601
8/8/2024,700.5,3842,3557
8/7/2024,699.75,3842,3514
8/6/2024,688.75,3845,3470
8/5/2024,689,3826,3426
8/2/2024,692.75,3755,3382
8/1/2024,715.5,3752,3341
7/31/2024,716,3702,5011
7/30/2024,703,3668,6704
7/29/2024,708,3512,8456
7/26/2024,708,3392,10345
7/25/2024,717.25,3296,12285
7/24/2024,719,3298,14222
7/23/2024,711.25,3209,16134
7/22/2024,717,3211,18026
7/19/2024,724.5,3200,19907
7/18/2024,730.25,3200,21743
7/17/2024,728.75,3186,23527
7/16/2024,727.25,3178,25307
7/15/2024,734,3166,27109
7/12/2024,738.5,3138,28912
7/11/2024,738.5,28816,30693
7/10/2024,739.75,29093,30730
7/9/2024,739.75,29938,30674
7/8/2024,749.5,31855,30571
7/5/2024,759.5,32498,30304
7/4/2024,759,32341,29970
7/3/2024,752.25,31985,29618
7/2/2024,757.25,31588,27708
7/1/2024,750,31419,25817
6/28/2024,742,30742,23938
6/27/2024,744.75,29967,22104
6/26/2024,739.25,29878,20316
6/25/2024,742.75,30218,18535
6/24/2024,741,30199,16732
6/21/2024,738.75,29855,14925
6/20/2024,739,29373,13148
6/19/2024,740.25,28247,11394
6/18/2024,734.25,28402,9716
6/17/2024,729,27849,8019
6/14/2024,727.25,27481,6353
6/13/2024,730.5,27073,4710
6/12/2024,726.25,3323,3089
6/11/2024,727,3230,3052
6/10/2024,723.25,3230,3020
6/7/2024,712.25,3234,2988
6/6/2024,710.25,3142,2956
6/5/2024,701.75,3167,2924
6/4/2024,706.5,3177,2890
6/3/2024,708.5,3090,2856
5/31/2024,724.5,3200,2827
5/30/2024,729.25,3064,2861
5/29/2024,733.25,3085,2905
5/28/2024,737.25,2947,2946
5/27/2024,731.25,2856,2995
5/24/2024,722.25,2836,3049
5/23/2024,723.5,2748,3105
5/22/2024,727.5,2773,3164
5/21/2024,734.75,2755,3147
5/20/2024,738,2745,3136
5/17/2024,735.25,2750,3124
5/16/2024,727.25,2661,3113
5/15/2024,727.75,2664,3108
5/14/2024,722.5,2660,3099
5/13/2024,729,2665,3089
5/10/2024,731.25,3712,3080
5/9/2024,734.75,3714,2995
5/8/2024,735.25,3698,2912
5/7/2024,734.25,3683,2828
5/6/2024,734.75,3675,2735
5/3/2024,733.25,3670,2643
5/2/2024,728.75,3634,2550
5/1/2024,731.25,2522,2527
4/30/2024,743.5,2586,2572
4/29/2024,745.75,2573,2610
4/26/2024,751.5,2581,2648
4/25/2024,740.75,2576,2688
4/24/2024,745.5,2530,2727
4/23/2024,744.5,2523,2756
4/22/2024,740.75,2520,2773
4/19/2024,743.5,2442,2784
4/18/2024,742.25,2460,2801
4/17/2024,758,2438,2809
4/16/2024,764.25,2289,2816
4/15/2024,762,2305,2829
4/12/2024,770.75,2272,2840
4/11/2024,762.25,3284,2854
4/10/2024,758,3208,2798
4/9/2024,760.25,3146,2745
4/8/2024,759.25,3150,2690
4/5/2024,767,3171,2634
4/4/2024,759.25,3170,2574
4/3/2024,763.25,2968,2502
4/2/2024,757,2771,2364
4/1/2024,748.75,2690,2240
3/28/2024,744.25,2693,2121
3/27/2024,740.75,2579,2002
3/26/2024,741,2546,1890
3/25/2024,743.25,2484,1779
3/22/2024,738,2470,1673
3/21/2024,740.25,2473,1568
3/20/2024,743,2455,1462
3/19/2024,751.25,2414,1357
3/18/2024,750.25,2317,1255
3/15/2024,743.75,2310,1160
3/14/2024,737.5,2264,1063
3/13/2024,730.25,2098,969
3/12/2024,725,901,886
3/11/2024,724.5,899,882
3/8/2024,716.25,913,878
3/7/2024,724,911,871
3/6/2024,728,889,864
3/5/2024,720,889,851
3/4/2024,720.25,891,839
3/1/2024,727.25,891,858
2/29/2024,719.75,887,877
2/28/2024,715.5,885,897
2/27/2024,723.5,884,923
2/26/2024,720.25,887,939
2/23/2024,715.25,857,954
2/22/2024,720.75,851,971
2/21/2024,718.5,848,989
2/20/2024,718.5,848,1005
2/19/2024,727.75,838,1022
2/16/2024,725,814,1039
2/15/2024,729.25,794,1058
2/14/2024,725,705,1080
2/13/2024,730.25,705,1106
2/12/2024,729.5,1180,1131
2/9/2024,730.5,1176,1122
2/8/2024,723,1180,1114
2/7/2024,715,1275,1106
2/6/2024,710.5,1123,1090
2/5/2024,702.5,1116,1085
2/2/2024,699.5,1116,1079
2/1/2024,723.25,1114,1074
1/31/2024,724.25,1094,1662
1/30/2024,729.75,1096,2223
1/29/2024,727.25,1099,2766
1/26/2024,722.5,1101,3297
1/25/2024,720.5,1123,3833
1/24/2024,714.75,1087,4367
1/23/2024,711.75,1083,4904
1/22/2024,707.5,1052,5437
1/19/2024,701.25,1052,5971
1/18/2024,699,1052,6489
1/17/2024,692,1046,7004
1/16/2024,698.75,1046,7521
1/15/2024,696.25,1026,8039
1/12/2024,702.5,1042,8559
1/11/2024,704.5,9930,9078
1/10/2024,694.5,9507,9012
1/9/2024,696,9244,8974
1/8/2024,682.5,9070,8971
1/5/2024,697.75,9134,8969
1/4/2024,687.75,9141,8961
1/3/2024,702,9140,8408
1/2/2024,686.5,9066,7852
12/29/2023,691.5,9070,7300
12/28/2023,703.25,8825,6746
12/27/2023,711.75,8775,6209
12/26/2023,716.5,8798,5674
12/22/2023,715.75,8822,5138
12/21/2023,716.5,8816,4601
12/20/2023,725.25,8826,4063
12/19/2023,725.5,8941,3524
12/18/2023,722.75,8940,2978
12/15/2023,711.25,9207,2432
12/14/2023,709.75,9037,1869
12/13/2023,693.25,9008,1317
12/12/2023,690,845,765
12/11/2023,703.5,803,757
12/8/2023,705.25,781,751
12/7/2023,699.25,763,745
12/6/2023,699.75,768,741
12/5/2023,719.5,758,730
12/4/2023,724,758,718
12/1/2023,736,758,705
11/30/2023,727.5,755,699
11/29/2023,742,745,694
11/28/2023,744.5,749,689
11/27/2023,736,751,682
11/24/2023,748.25,751,675
11/23/2023,741.5,755,666
11/22/2023,733.5,736,657
11/21/2023,743.5,731,648
11/20/2023,746.25,702,639
11/17/2023,730.25,702,633
11/16/2023,719.75,702,625
11/15/2023,737.5,603,617
11/14/2023,745.75,569,616
11/13/2023,738.25,569,617
11/10/2023,732.75,672,618
11/9/2023,730.75,670,612
11/8/2023,738.25,675,606
11/7/2023,747.5,639,599
11/6/2023,768.25,642,596
11/3/2023,764.75,622,593
11/2/2023,773.25,622,592
11/1/2023,770,601,661
10/31/2023,768.25,602,727
10/30/2023,763.25,602,794
10/27/2023,771,583,856
10/26/2023,774.25,583,912
10/25/2023,771.5,583,964
10/24/2023,768.75,583,1017
10/23/2023,786.75,585,1068
10/20/2023,795.5,585,1120
10/19/2023,789,579,1170
10/18/2023,791.25,581,1220
10/17/2023,779.5,593,1267
10/16/2023,788.5,598,1314
10/13/2023,783,603,1361
10/12/2023,768.25,1647,1408
10/11/2023,758.25,1599,1387
10/10/2023,765,1599,1366
10/9/2023,754.25,1544,1348
10/6/2023,740.5,1414,1336
10/5/2023,738,1374,1327
10/4/2023,760,1365,1311
10/3/2023,775.25,1360,1279
10/2/2023,775.5,1355,1245
9/29/2023,789.25,1345,1214
9/28/2023,787.25,1322,1184
9/27/2023,791,1290,1135
9/26/2023,783.25,1299,1085
9/25/2023,783.75,1304,1034
9/22/2023,788.5,1304,982
9/21/2023,794.5,1326,931
9/20/2023,789.75,1290,878
9/19/2023,793.5,1329,828
9/18/2023,787,1356,774
9/15/2023,787.25,1289,718
9/14/2023,792,1126,666
9/13/2023,782.25,886,625
9/12/2023,786.25,857,600
9/11/2023,783,887,577
9/8/2023,780.25,901,549
9/7/2023,768.5,576,521
9/6/2023,762.75,539,515
9/5/2023,773,539,510
9/4/2023,759,532,505
9/1/2023,757.75,532,501
8/31/2023,745.75,532,497
8/30/2023,743.75,532,658
8/29/2023,746.75,532,814
8/28/2023,752,510,971
8/25/2023,748.5,510,1126
8/24/2023,744.25,510,1282
8/23/2023,747.25,510,1434
8/22/2023,752.25,507,1585
8/21/2023,751.5,479,1733
8/18/2023,749.5,479,1883
8/17/2023,750.5,479,2034
8/16/2023,750.5,469,2185
8/15/2023,747.75,469,2326
8/14/2023,753.5,469,2460
8/11/2023,758.25,469,2590
8/10/2023,762,2947,2712
8/9/2023,766.75,2876,2671
8/8/2023,752.5,2876,2634
8/7/2023,754.75,2847,2602
8/4/2023,756,2837,2569
8/3/2023,748.5,2791,2536
8/2/2023,736,2781,2506
8/1/2023,744.25,2722,4210
7/31/2023,740.75,2730,5924
7/28/2023,736.5,2745,7629
7/27/2023,733,2745,9317
7/26/2023,729.75,2592,10972
7/25/2023,721.25,2476,12642
7/24/2023,722.5,2411,14282
7/21/2023,707.5,2304,15886
7/20/2023,700.5,2326,17490
7/19/2023,705,2324,19059
7/18/2023,699,2405,20636
7/17/2023,692.5,2343,22149
7/14/2023,696.75,2344,23637
7/13/2023,699,2344,25129
7/12/2023,697.5,28332,26661
7/11/2023,694.75,28433,26478
7/10/2023,688,28317,26317
7/7/2023,681.75,28056,26143
7/6/2023,664.75,27579,25998
7/5/2023,675,27636,25908
7/4/2023,669.75,27069,25830
7/3/2023,666,26484,25709
6/30/2023,668.25,26363,24109
6/29/2023,656.75,25858,22516
6/28/2023,662.25,25984,20946
6/27/2023,664.25,25095,19357
6/26/2023,661,24668,17825
6/23/2023,656.25,24724,16322
6/22/2023,660.25,25324,14808
6/21/2023,677.25,25582,13252
6/20/2023,663,26020,11680
6/19/2023,670,25699,10074
6/16/2023,672.5,25885,8489
6/15/2023,663.5,26224,6892
6/14/2023,653.75,26475,5273
6/13/2023,659.25,25245,3636
6/12/2023,648,2483,2081
6/9/2023,668.75,2479,2042
6/8/2023,666.75,2302,2003
6/7/2023,672,2149,1975
6/6/2023,666.75,2117,1957
6/5/2023,672.5,2115,1935
6/2/2023,666.5,2019,1906
6/1/2023,656,1991,1890
5/31/2023,648.25,1996,1837
5/30/2023,654.75,1932,1783
5/29/2023,669.5,1929,1733
5/26/2023,670.5,1928,1682
5/25/2023,661.25,1937,1625
5/24/2023,675,1925,1562
5/23/2023,668.75,1920,1495
5/22/2023,663,1890,1427
5/19/2023,665.5,1891,1360
5/18/2023,667.75,1891,1294
5/17/2023,668.5,1880,1224
5/16/2023,659.25,1783,1152
5/15/2023,659.75,1673,1081
5/12/2023,655.25,1777,1017
5/11/2023,665,1200,946
5/10/2023,673.5,1185,913
5/9/2023,662,1185,881
5/8/2023,670.5,1171,850
5/5/2023,656.5,1061,819
5/4/2023,642.75,1003,794
5/3/2023,638.75,922,771
5/2/2023,656,891,885
5/1/2023,678.5,892,1001
4/28/2023,680.75,892,1116
4/27/2023,675,840,1231
4/26/2023,687.25,804,1349
4/25/2023,690.5,715,1460
4/24/2023,704.75,715,1576
4/21/2023,695.75,709,1692
4/20/2023,692.5,714,1808
4/19/2023,706.5,703,1922
4/18/2023,715,722,2038
4/17/2023,712,703,2152
4/14/2023,719.75,682,2268
4/13/2023,723.5,657,2384
4/12/2023,724.25,2630,2501
4/11/2023,717,2632,2468
4/10/2023,718,2616,2435
4/6/2023,718,2616,2403
4/5/2023,721.75,2619,2362
4/4/2023,710.5,2465,2313
4/3/2023,720.75,2463,2263
3/31/2023,696.75,2456,2212
3/30/2023,697,2437,2155
3/29/2023,699.75,2436,2095
3/28/2023,704.25,2442,2034
3/27/2023,692,2432,1971
3/24/2023,682.75,2432,1910
3/23/2023,696,2432,1849
3/22/2023,692.5,2414,1799
3/21/2023,686.5,2132,1744
3/20/2023,681,2132,1698
3/17/2023,684.75,2142,1651
3/16/2023,676.75,1999,1595
3/15/2023,667,1878,1544
3/14/2023,709.5,1714,1498
3/13/2023,716.25,1702,1461
3/10/2023,729.25,1606,1412
3/9/2023,727.5,1525,1369
3/8/2023,726.75,1523,1318
3/7/2023,737.25,1506,1263
3/6/2023,748.5,1514,1208
3/3/2023,750,1514,1153
3/2/2023,744,1679,1140
3/1/2023,736,1591,1118
2/28/2023,737,1445,1100
2/27/2023,731.75,1425,1092
2/24/2023,728.5,1311,1072
2/23/2023,716.5,1230,1056
2/22/2023,716.5,1185,1045
2/21/2023,724.5,1158,1038
2/20/2023,728.5,970,1032
2/17/2023,723.75,960,1039
2/16/2023,734.5,760,1046
2/15/2023,732.5,691,1068
2/14/2023,738.25,691,1094
2/13/2023,740.25,691,1120
2/10/2023,739.25,1320,1142
2/9/2023,734.5,1338,1121
2/8/2023,740.25,1322,1093
2/7/2023,736.5,1324,1066
2/6/2023,711.25,1130,1039
2/3/2023,727.75,1076,1007
2/2/2023,736.25,1066,978
2/1/2023,750.75,1071,1408
1/31/2023,758.5,1071,1837
1/30/2023,753.25,1071,2263
1/27/2023,759,1071,2685
1/26/2023,767,1086,3096
1/25/2023,766,1086,3508
1/24/2023,779.75,1074,3900
1/23/2023,791.25,1024,4262
1/20/2023,777.5,1003,4621
1/19/2023,762,919,4981
1/18/2023,774.75,919,5346
1/17/2023,770.75,924,5704
1/16/2023,764.5,640,6057
1/13/2023,766.75,640,6425
1/12/2023,761.5,7514,6790
1/11/2023,748.25,7506,6694
1/10/2023,735.25,7468,6585
1/9/2023,736.75,7399,6479
1/6/2023,731.5,7244,6377
1/5/2023,726,7258,6287
1/4/2023,723.25,6966,6202
1/3/2023,750.5,6508,6119
1/2/2023,753.5,6404,5711
12/30/2022,753.5,6404,5309
12/29/2022,749.5,6401,4907
12/28/2022,761,6287,4503
12/27/2022,785.25,6218,4107
12/23/2022,749.75,6156,3717
12/22/2022,750,6122,3335
12/21/2022,758.5,6069,2961
12/20/2022,740,5871,2590
12/19/2022,739.5,5877,2233
12/16/2022,737,5872,1875
12/15/2022,752.75,5897,1517
12/14/2022,770.25,5972,1157
12/13/2022,755,5728,792
12/12/2022,748.75,381,444
12/9/2022,734,378,452
12/8/2022,735.25,373,461
12/7/2022,743.75,349,469
12/6/2022,751,349,480
12/5/2022,776.5,355,484
12/2/2022,786.25,437,488
12/1/2022,796.5,506,486
11/30/2022,782.75,508,487
11/29/2022,763.5,508,487
11/28/2022,760.75,508,487
11/25/2022,766.25,501,487
11/24/2022,773.25,500,488
11/23/2022,768.5,503,488
11/22/2022,781.75,503,488
11/21/2022,752.75,503,487
11/18/2022,764.5,506,477
11/17/2022,771,505,467
11/16/2022,790.75,505,456
11/15/2022,799.25,419,446
11/14/2022,787.25,413,442
11/11/2022,792.5,404,437
11/10/2022,789.75,513,434
11/9/2022,792.5,513,423
11/8/2022,821.25,513,412
11/7/2022,831.75,508,401
11/4/2022,821.25,508,389
11/3/2022,810.5,507,378
11/2/2022,809.5,506,367
11/1/2022,796.75,486,475
10/31/2022,795.25,350,582
10/28/2022,799.5,349,696
10/27/2022,809.75,351,799
10/26/2022,809.25,351,866
10/25/2022,793.75,351,929
10/24/2022,790.75,351,991
10/21/2022,785.75,351,1038
10/20/2022,797.5,351,1085
10/19/2022,794,351,1131
10/18/2022,798,339,1176
10/17/2022,814.5,339,1222
10/14/2022,811.25,339,1269
10/13/2022,824.75,339,1315
10/12/2022,825.5,2122,1361
10/11/2022,829.25,2091,1288
10/10/2022,849,2069,1216
10/7/2022,848.75,1897,1146
10/6/2022,824.25,1354,1088
10/5/2022,815.25,1289,1063
10/4/2022,802.25,1279,1044
10/3/2022,786.75,1063,1025
9/30/2022,776,1060,1041
9/29/2022,784.25,1031,1055
9/28/2022,784.75,1031,1072
9/27/2022,769.5,1031,1089
9/26/2022,766.75,1033,1105
9/23/2022,777.75,1030,1122
9/22/2022,799.5,1031,1136
9/21/2022,790.75,1036,1146
9/20/2022,799.5,1013,1157
9/19/2022,802.5,1013,1168
9/16/2022,801.5,1021,1179
9/15/2022,796.25,991,1190
9/14/2022,818.25,994,1194
9/13/2022,818.5,994,1193
9/12/2022,842.75,1300,1182
9/9/2022,827.25,1281,1145
9/8/2022,809.5,1281,1112
9/7/2022,812,1282,1062
9/6/2022,822.25,1282,1014
9/5/2022,840.75,1282,965
9/2/2022,824.25,1243,916
9/1/2022,819.25,1182,870
8/31/2022,844.75,1189,931
8/30/2022,839.75,1182,992
8/29/2022,884,1181,1052
8/26/2022,872.75,1181,1110
8/25/2022,883,1049,1169
8/24/2022,881.25,982,1234
8/23/2022,881.25,830,1304
8/22/2022,860,746,1383
8/19/2022,859.5,781,1467
8/18/2022,855,539,1550
8/17/2022,838.5,554,1647
8/16/2022,834,554,1744
8/15/2022,835.25,554,1841
8/12/2022,853.75,546,1938
8/11/2022,852.5,2100,2036
8/10/2022,838.25,2102,2030
8/9/2022,844,2077,2023
8/8/2022,832.75,2061,2018
8/5/2022,835.25,2053,2013
8/4/2022,830.5,2036,2008
8/3/2022,847.75,2026,2004
8/2/2022,856.5,2015,2000
8/1/2022,839.25,2014,3124
7/29/2022,878,2014,4266
7/28/2022,868.25,2002,5412
7/27/2022,867.5,2011,6566
7/26/2022,855.75,2009,7724
7/25/2022,848.25,2009,8866
7/22/2022,852.5,2009,10079
7/21/2022,843.75,2009,11279
7/20/2022,854.75,1999,12474
7/19/2022,847.5,2003,13703
7/18/2022,858,1987,14986
7/15/2022,843,1980,16272
7/14/2022,825.25,1966,17555
7/13/2022,838.25,1968,18844
7/12/2022,839.25,18887,20141
7/11/2022,865.75,19132,20323
7/8/2022,854,19206,20479
7/7/2022,840,19321,20606
7/6/2022,808.25,19377,20691
7/5/2022,832,19144,20724
7/4/2022,894.5,20201,20741
7/1/2022,876.25,20012,20686
6/30/2022,865.75,19928,19463
6/29/2022,894.75,20428,18246
6/28/2022,883,21256,16993
6/27/2022,885.25,21279,15684
6/24/2022,893.5,21221,14372
6/23/2022,884.25,21307,13059
6/22/2022,886.5,21415,11740
6/21/2022,898.75,21621,10413
6/20/2022,890.5,21468,9069
6/17/2022,876.25,21108,7726
6/16/2022,888.25,20595,6406
6/15/2022,896,19877,5121
6/14/2022,899.25,19404,3880
6/13/2022,888.5,19370,2671
6/10/2022,905,1675,1464
6/9/2022,915.25,1663,1436
6/8/2022,905.75,1636,1410
6/7/2022,892.25,1617,1386
6/6/2022,883,1605,1363
6/3/2022,890.5,1524,1341
6/2/2022,872.25,1519,1325
6/1/2022,862.5,1511,1357
5/31/2022,866.5,1461,1390
5/30/2022,852.5,1323,1424
5/27/2022,849.5,1317,1462
5/26/2022,846.25,1306,1498
5/25/2022,830.25,1269,1533
5/24/2022,831.25,1264,1569
5/23/2022,818,1265,1605
5/20/2022,814.5,1265,1640
5/19/2022,806.75,1265,1675
5/18/2022,815.25,1282,1709
5/17/2022,837,1275,1742
5/16/2022,834.5,1270,1775
5/13/2022,832.25,1286,1809
5/12/2022,835.75,2001,1834
5/11/2022,838,2001,1803
5/10/2022,812.5,1972,1771
5/9/2022,818.5,1899,1741
5/6/2022,848.25,1855,1715
5/5/2022,838.75,1830,1692
5/4/2022,830.25,1807,1669
5/3/2022,810.5,1797,1670
5/2/2022,818.25,1796,1670
4/29/2022,821.75,1786,1669
4/28/2022,822.25,1780,1668
4/27/2022,812.5,1775,1668
4/26/2022,815,1775,1669
4/25/2022,792.5,1769,1669
4/22/2022,825.25,1669,1667
4/21/2022,832.25,1532,1672
4/20/2022,821.25,1521,1685
4/19/2022,809.5,1521,1700
4/18/2022,842.75,1510,1713
4/14/2022,825.25,1505,1727
4/13/2022,825.5,1490,1741
4/12/2022,823,1826,1756
4/11/2022,802,1801,1746
4/8/2022,800.75,1776,1736
4/7/2022,794,1774,1728
4/6/2022,809.5,1781,1720
4/5/2022,815,1782,1711
4/4/2022,821.25,1782,1702
4/1/2022,799.75,1738,1692
3/31/2022,795.75,1738,1686
3/30/2022,791.5,1734,1642
3/29/2022,770.25,1735,1598
3/28/2022,778,1719,1552
3/25/2022,798.25,1718,1507
3/24/2022,793.5,1718,1462
3/23/2022,804,1715,1416
3/22/2022,784,1678,1371
3/21/2022,790.5,1656,1329
3/18/2022,768,1652,1289
3/17/2022,759,1652,1247
3/16/2022,737.25,1652,1204
3/15/2022,745.75,1640,1160
3/14/2022,745.75,1639,1118
3/11/2022,770.5,1639,1074
3/10/2022,758.5,1079,1030
3/9/2022,796.75,1078,1022
3/8/2022,837.5,1046,1015
3/7/2022,823,1045,1006
3/4/2022,789,1034,997
3/3/2022,768,1038,988
3/2/2022,740.5,1043,1019
3/1/2022,729,1045,1049
2/28/2022,719.25,1050,1080
2/25/2022,706.75,1029,1108
2/24/2022,736.5,1002,1126
2/23/2022,722.25,997,1145
2/22/2022,717.5,1000,1163
2/21/2022,710.25,985,1184
2/18/2022,701.25,985,1206
2/17/2022,694.25,960,1227
2/16/2022,705.75,960,1250
2/15/2022,694,912,1274
2/14/2022,710,912,1294
2/11/2022,705.25,908,1314
2/10/2022,707,1497,1333
2/9/2022,705.5,1498,1312
2/8/2022,691.5,1508,1288
2/7/2022,704.25,1464,1263
2/4/2022,700.25,1303,1240
2/3/2022,687.25,1279,1224
2/2/2022,680.75,1281,1210
2/1/2022,681.5,1308,1838
1/31/2022,679,1308,2416
1/28/2022,682.25,1308,3016
1/27/2022,681.75,1307,3612
1/26/2022,685.5,1313,4216
1/25/2022,674.5,1219,4812
1/24/2022,664,1211,5390
1/21/2022,678.5,1188,5970
1/20/2022,681.25,1187,6534
1/19/2022,676.5,1137,7096
1/18/2022,669.5,1137,7650
1/17/2022,663.75,1107,8192
1/14/2022,659.25,1075,8738
1/13/2022,655.75,1059,9285
1/12/2022,660.25,10713,9833
1/11/2022,655.5,9973,9742
1/10/2022,644.75,10303,9707
1/7/2022,647.75,10256,9639
1/6/2022,648.75,10359,9545
1/5/2022,647,10263,9436
1/4/2022,638.75,9881,9337
1/3/2022,636,9905,9267
12/31/2021,627,9658,9194
12/30/2021,635.25,9607,8600
12/29/2021,628.75,9447,8009
12/28/2021,633,9273,7425
12/27/2021,633.5,9299,6847
12/24/2021,610.25,9286,6265
12/23/2021,617.5,9269,5685
12/22/2021,609.25,9345,5105
12/21/2021,604,9450,4518
12/20/2021,579.25,9287,3924
12/17/2021,606,8842,3343
12/16/2021,614.75,8729,2788
12/15/2021,602.5,8774,2241
12/14/2021,609,8841,1691
12/13/2021,614,8802,1136
12/10/2021,613,745,584
12/9/2021,615.75,746,571
12/8/2021,618,681,557
12/7/2021,614,607,548
12/6/2021,590,578,544
12/3/2021,585.75,581,540
12/2/2021,576,561,535
12/1/2021,582.25,553,566
11/30/2021,574.5,530,599
11/29/2021,598,573,633
11/26/2021,584.25,520,658
11/25/2021,642.75,521,687
11/24/2021,644.75,521,715
11/23/2021,637.5,521,738
11/22/2021,628.25,522,760
11/19/2021,619.75,543,783
11/18/2021,634,544,803
11/17/2021,635.75,544,824
11/16/2021,641,547,844
11/15/2021,632.75,512,865
11/12/2021,637.25,514,886
11/11/2021,642.25,1028,907
11/10/2021,652.5,1041,894
11/9/2021,655.75,1041,880
11/8/2021,652.5,950,866
11/5/2021,648.5,950,858
11/4/2021,640.5,948,850
11/3/2021,633.25,869,843
11/2/2021,644,853,839
11/1/2021,644,854,902
10/29/2021,642.75,852,964
10/28/2021,641,852,1025
10/27/2021,647.75,852,1079
10/26/2021,657.25,852,1123
10/25/2021,656.75,833,1149
10/22/2021,649.25,832,1177
10/21/2021,645.25,832,1210
10/20/2021,657,832,1236
10/19/2021,655.25,832,1256
10/18/2021,652.75,832,1274
10/15/2021,657.5,832,1282
10/14/2021,649.25,834,1289
10/13/2021,650.25,817,1292
10/12/2021,652.75,1796,1292
10/11/2021,656.5,1780,1227
10/8/2021,650.25,1767,1163
10/7/2021,640.5,1666,1100
10/6/2021,638.25,1502,1044
10/5/2021,651.25,1247,997
10/4/2021,642,1247,962
10/1/2021,623.5,1339,927
9/30/2021,623.25,1216,956
9/29/2021,621,1128,994
9/28/2021,619,1106,1038
9/27/2021,618.25,959,1083
9/24/2021,605.25,938,1137
9/23/2021,601.25,868,1192
9/22/2021,593.5,822,1252
9/21/2021,583.25,822,1310
9/20/2021,588.5,822,1368
9/17/2021,593.75,820,1426
9/16/2021,594.75,819,1485
9/15/2021,598.5,798,1541
9/14/2021,588.25,727,1602
9/13/2021,586,725,1667
9/10/2021,583.5,1777,1732
9/9/2021,581.25,1783,1727
9/8/2021,580.25,1783,1722
9/7/2021,577.5,1783,1718
9/6/2021,580.75,1766,1713
9/3/2021,584.25,1766,1709
9/2/2021,587.5,1765,1705
9/1/2021,569.5,1695,1890
8/31/2021,577,1695,2079
8/30/2021,577,1695,2269
8/27/2021,573,1695,2457
8/26/2021,566.5,1667,2644
8/25/2021,567.5,1703,2832
8/24/2021,563.75,1703,3018
8/23/2021,549.75,1703,3200
8/20/2021,532.5,1700,3368
8/19/2021,530.25,1714,3537
8/18/2021,554.25,1718,3704
8/17/2021,558,1708,3871
8/16/2021,556.5,1708,4043
8/13/2021,565.25,1708,4215
8/12/2021,565.75,4535,4389
8/11/2021,562,4535,4371
8/10/2021,563,4543,4349
8/9/2021,549,4518,4328
8/6/2021,563.5,4493,4303
8/5/2021,565.75,4493,4286
8/4/2021,563.75,4493,4271
8/3/2021,569.5,4438,4254
8/2/2021,571.25,4223,4241
7/30/2021,586.5,4223,6189
7/29/2021,584,4223,8114
7/28/2021,577.25,4221,10059
7/27/2021,574.75,4293,11998
7/26/2021,574.25,4293,13911
7/23/2021,572.5,4304,15820
7/22/2021,569.5,4265,17723
7/21/2021,565.25,4219,19576
7/20/2021,546.5,4219,21479
7/19/2021,547.75,4139,23418
7/16/2021,577.5,4247,25347
7/15/2021,578.75,4267,27342
7/14/2021,587.25,4237,29335
7/13/2021,587.75,4237,31314
7/12/2021,582.5,33445,33314
7/9/2021,584.25,33096,33336
7/8/2021,571,33397,33313
7/7/2021,564.5,33314,33265
7/6/2021,576,32992,33169
7/5/2021,591.5,32921,33208
7/2/2021,588.75,32844,33312
7/1/2021,584.75,32071,33451
6/30/2021,579.75,32765,31531
6/29/2021,582,33297,29554
6/28/2021,580.75,33077,27545
6/25/2021,586,34168,25545
6/24/2021,584.5,34171,23475
6/23/2021,586.75,33919,21403
6/22/2021,581.25,34226,19348
6/21/2021,578.5,33775,17272
6/18/2021,574.75,32755,15228
6/17/2021,573,32681,13251
6/16/2021,583.75,31873,11276
6/15/2021,577,33572,9354
6/14/2021,575.5,34491,7319
6/11/2021,571.75,34923,5225
6/10/2021,574.75,3266,3100
6/9/2021,573.25,3122,3087
6/8/2021,570.25,3155,3081
6/7/2021,569,3085,3071
6/4/2021,568.5,3108,3066
6/3/2021,563.75,3101,3053
6/2/2021,566,3085,3040
6/1/2021,562.25,3085,3078
5/31/2021,557.75,3112,3117
5/28/2021,556.25,3109,3150
5/27/2021,553.5,3057,3182
5/26/2021,552.25,3046,3218
5/25/2021,550.5,3046,3254
5/24/2021,548.75,3068,3285
5/21/2021,539.25,3061,3315
5/20/2021,537.5,3061,3340
5/19/2021,535,3035,3365
5/18/2021,553.75,2999,3386
5/17/2021,552.75,3023,3408
5/14/2021,549,2905,3423
5/13/2021,543.25,2904,3445
5/12/2021,561.5,3666,3471
5/11/2021,553.25,3666,3445
5/10/2021,548.5,3601,3418
5/7/2021,548.5,3596,3395
5/6/2021,547.5,3592,3368
5/5/2021,551.75,3582,3341
5/4/2021,545.75,3520,3314
5/3/2021,540.5,3520,3290
4/30/2021,532.25,3431,3283
4/29/2021,541.5,3431,3278
4/28/2021,539.75,3348,3271
4/27/2021,529.25,3332,3269
4/26/2021,527,3250,3268
4/23/2021,526.75,3238,3273
4/22/2021,523.75,3288,3278
4/21/2021,523.75,3273,3280
4/20/2021,522.25,3271,3282
4/19/2021,532.25,3255,3266
4/16/2021,533.25,3195,3250
4/15/2021,532.75,3177,3232
4/14/2021,532.75,3179,3213
4/13/2021,517,3158,3193
4/12/2021,515.75,3416,3172
4/9/2021,510.75,3359,3134
4/8/2021,509.5,3333,3098
4/7/2021,505.75,3318,3063
4/6/2021,514.75,3314,3032
4/5/2021,508.75,3320,3000
4/1/2021,505.5,3314,2968
3/31/2021,512.5,3313,2924
3/30/2021,511.75,3307,2879
3/29/2021,511,3029,2833
3/26/2021,516,3023,2809
3/25/2021,499,2916,2790
3/24/2021,514.25,2902,2770
3/23/2021,506.5,2880,2749
3/22/2021,518.5,2832,2723
3/19/2021,514,2844,2700
3/18/2021,518.75,2820,2675
3/17/2021,531,2811,2650
3/16/2021,531.25,2856,2625
3/15/2021,533.75,2838,2595
3/12/2021,539.25,2838,2564
3/11/2021,536.75,2650,2532
3/10/2021,526,2634,2505
3/9/2021,529.75,2626,2491
3/8/2021,534.5,2669,2472
3/5/2021,533,2732,2451
3/4/2021,525.75,2613,2418
3/3/2021,512.5,2586,2613
3/2/2021,508.25,2495,2808
3/1/2021,515,2484,3007
2/26/2021,517.5,2476,3175
2/25/2021,525.5,2439,3340
2/24/2021,523.25,2446,3507
2/23/2021,513.5,2405,3669
2/22/2021,510,2371,3825
2/19/2021,503,2350,3980
2/18/2021,506.75,2254,4121
2/17/2021,503.25,2417,4264
2/16/2021,501.75,2350,4394
2/15/2021,502.5,2350,4528
2/12/2021,495.5,2228,4662
2/11/2021,495.25,5537,4805
2/10/2021,495,5514,4726
2/9/2021,490.75,5480,4649
2/8/2021,487.75,5001,4573
2/5/2021,482.75,4963,4530
2/4/2021,475.25,4937,4490
2/3/2021,474.25,4880,4449
2/2/2021,470,4736,4414
2/1/2021,459.5,4699,5748
1/29/2021,455.75,4472,7092
1/28/2021,456.25,4403,8469
1/27/2021,462.75,4363,9835
1/26/2021,458.5,4361,11192
1/25/2021,458.5,4361,12526
1/22/2021,458,4361,13863
1/21/2021,462.25,4361,15203
1/20/2021,465,4353,16543
1/19/2021,465,4345,17875
1/18/2021,460,4362,19185
1/15/2021,459.5,4352,20494
1/14/2021,465.25,4320,21805
1/13/2021,465.25,4361,23141
1/12/2021,465.25,24744,24462
1/11/2021,456.25,24855,24465
1/8/2021,455.25,25137,24461
1/7/2021,449.75,24892,24416
1/6/2021,449.5,24714,24386
1/5/2021,449.25,24371,24356
1/4/2021,437.5,24411,24343
12/31/2020,438.25,24460,22889
12/30/2020,441.25,24473,21431
12/29/2020,441.5,24332,19972
12/28/2020,442.25,23997,18523
12/24/2020,439.75,23993,17096
12/23/2020,442.5,24011,15670
12/22/2020,437,24364,14245
12/21/2020,433.75,24182,12795
12/18/2020,448.5,24780,11357
12/17/2020,443.5,24796,9878
12/16/2020,437.25,24467,8398
12/15/2020,436.25,24444,6941
12/14/2020,428.5,24259,5478
12/11/2020,430,24178,4028
12/10/2020,436.5,2605,2583
12/9/2020,423.25,2578,2576
12/8/2020,426.5,2600,2572
12/7/2020,427.5,2595,2563
12/4/2020,424.5,2595,2554
12/3/2020,422.5,2603,2544
12/2/2020,423.5,2628,2564
12/1/2020,421.5,2611,2582
11/30/2020,422.25,2611,2602
11/27/2020,426.75,2601,2615
11/26/2020,423.25,2601,2617
11/25/2020,425.5,2599,2619
11/24/2020,423.5,2505,2610
11/23/2020,411.5,2507,2597
11/20/2020,403,2505,2582
11/19/2020,401,2502,2565
11/18/2020,405,2513,2549
11/17/2020,397.75,2472,2531
11/16/2020,401,2460,2508
11/13/2020,395,2446,2486
11/12/2020,402.5,2899,2465
11/11/2020,406,2899,2413
11/10/2020,398.5,2916,2359
11/9/2020,390.75,2802,2302
11/6/2020,372.5,2629,2252
11/5/2020,379.25,2629,2214
11/4/2020,380.5,2466,2175
11/3/2020,372.75,2310,2143
11/2/2020,364.75,2279,2113
10/30/2020,358.75,2254,2615
10/29/2020,359,2268,3119
10/28/2020,368.25,2230,3622
10/27/2020,380.25,2130,4113
10/26/2020,373.5,2130,4610
10/23/2020,386,2128,5106
10/22/2020,389.75,2128,5602
10/21/2020,382.75,2091,6096
10/20/2020,389.5,2055,6582
10/19/2020,392.5,2055,7070
10/16/2020,394,2052,7538
10/15/2020,392,2052,8005
10/14/2020,394.75,1976,8472
10/13/2020,392,1874,8945
10/12/2020,387.25,9808,9424
10/9/2020,397.5,9807,9374
10/8/2020,395.5,9817,9318
10/7/2020,388,9587,9259
10/6/2020,395,9592,9216
10/5/2020,386.75,9568,9170
10/2/2020,374.5,9568,9121
10/1/2020,375.25,9544,9069
9/30/2020,385.25,9377,8611
9/29/2020,381.25,9377,8164
9/28/2020,389,9064,7717
9/25/2020,387.5,9062,7292
9/24/2020,386.75,9062,6866
9/23/2020,390.5,9062,6440
9/22/2020,388.25,9062,6014
9/21/2020,387.5,9062,5589
9/18/2020,403,8960,5164
9/17/2020,402.25,8941,4745
9/16/2020,395.25,8939,4325
9/15/2020,387.5,8900,3905
9/14/2020,386,8828,3489
9/11/2020,387.75,8791,3077
9/10/2020,387,2676,2668
9/9/2020,389,2676,2666
9/8/2020,382.75,2677,2663
9/7/2020,399,2677,2658
9/4/2020,403.75,2677,2651
9/3/2020,404.25,2677,2645
9/2/2020,416.25,2673,2639
9/1/2020,424,2683,3076
8/31/2020,423.5,2680,3514
8/28/2020,426.5,2680,3952
8/27/2020,422.25,2647,4377
8/26/2020,428.75,2635,4805
8/25/2020,433,2655,5233
8/24/2020,428.5,2655,5659
8/21/2020,419.75,2651,6082
8/20/2020,428.25,2643,6505
8/19/2020,432,2629,6929
8/18/2020,434.25,2601,7334
8/17/2020,430.75,2585,7741
8/14/2020,428,2585,8144
8/13/2020,428.75,2585,8533
8/12/2020,426.75,9231,8923
8/11/2020,426.5,9241,8870
8/10/2020,421.5,9251,8816
8/7/2020,420.25,9068,8761
8/6/2020,424.5,9058,8716
8/5/2020,432.25,9051,8672
8/4/2020,420.5,9051,8627
8/3/2020,417.75,8999,8575
7/31/2020,411.25,8999,8527
7/30/2020,407.5,8994,12844
7/29/2020,419,8711,17167
7/28/2020,414.75,8703,21475
7/27/2020,410.75,8630,25769
7/24/2020,411,8430,30069
7/23/2020,413.5,8430,34355
7/22/2020,413,8429,38626
7/21/2020,419.25,8429,42868
7/20/2020,409.75,8426,47089
7/17/2020,409.75,8397,51273
7/16/2020,411.75,8397,55424
7/15/2020,413.5,8376,59504
7/14/2020,411.25,8278,63493
7/13/2020,411.25,8278,67486
7/10/2020,408.5,73747,71490
7/9/2020,404.5,73840,71126
7/8/2020,406.75,73328,70745
7/7/2020,409.25,73117,70423
7/6/2020,408,73127,70152
7/3/2020,401.5,72722,69833
7/2/2020,401,72499,69496
7/1/2020,396.25,72060,65065
6/30/2020,396,71745,60658
6/29/2020,396.25,71190,56271
6/26/2020,390,70662,51919
6/25/2020,395.25,69586,47602
6/24/2020,394.5,68221,43353
6/23/2020,410.25,68173,39180
6/22/2020,405,68340,35015
6/19/2020,402.25,68273,30838
6/18/2020,395.5,68129,26665
6/17/2020,396,68506,22482
6/16/2020,396.5,69042,18250
6/15/2020,387.75,68349,13982
6/12/2020,386,67658,9747
6/11/2020,384.25,6047,5556
6/10/2020,400.75,5946,5467
6/9/2020,400.75,5939,5381
6/8/2020,403.75,5912,5294
6/5/2020,408.5,5908,5206
6/4/2020,390.25,5859,5109
6/3/2020,388,5615,5013
6/2/2020,388.25,5703,4936
6/1/2020,375.75,5687,4972
5/29/2020,372.75,5678,5008
5/28/2020,370.75,5375,5046
5/27/2020,371,5037,5102
5/26/2020,376.75,5019,5180
5/25/2020,381.25,4819,5262
5/22/2020,371.5,4792,5360
5/21/2020,376.75,4722,5458
5/20/2020,376.75,4647,5558
5/19/2020,372.75,4630,5641
5/18/2020,377.75,4597,5715
5/15/2020,356,4461,5781
5/14/2020,350.75,4411,5862
5/13/2020,345.75,4462,5942
5/12/2020,347.5,6247,6014
5/11/2020,349.75,6227,5968
5/8/2020,354.25,6237,5915
5/7/2020,352.5,6216,5859
5/6/2020,345.5,6211,5803
5/5/2020,353,6252,5746
5/4/2020,337.75,6285,5685
5/1/2020,342.75,6262,5621
4/30/2020,350.5,6231,5559
4/29/2020,342.25,5892,5588
4/28/2020,341.75,5727,5633
4/27/2020,339.5,5591,5685
4/24/2020,348.75,5677,5736
4/23/2020,359.5,5609,5767
4/22/2020,353.75,5550,5794
4/21/2020,360.25,5555,5834
4/20/2020,381,5435,5871
4/17/2020,384.25,5393,5910
4/16/2020,382,5372,5949
4/15/2020,384.75,5366,5984
4/14/2020,396.25,5329,6019
4/13/2020,398.75,5330,6057
4/9/2020,395.5,5328,6095
4/8/2020,388.5,6672,6127
4/7/2020,392.25,6556,6068
4/6/2020,386.75,6505,6017
4/3/2020,384.75,6365,5966
4/2/2020,377.25,6142,5927
4/1/2020,372.5,6018,5824
3/31/2020,380.5,6139,5724
3/30/2020,372.75,6110,5613
3/27/2020,380.25,6022,5507
3/26/2020,382.75,5976,5374
3/25/2020,384,5900,5235
3/24/2020,382,5895,5099
3/23/2020,368.25,5891,4963
3/20/2020,376,5904,4826
3/19/2020,375.5,5805,4686
3/18/2020,364,5790,4553
3/17/2020,389.25,5798,4409
3/16/2020,395,5735,4259
3/13/2020,414.75,5781,4111
3/12/2020,416,4602,3960
3/11/2020,434.5,4510,3888
3/10/2020,424,4482,3821
3/9/2020,416,4508,3757
3/6/2020,461.5,4034,3689
3/5/2020,487,3888,3648
3/4/2020,491.75,3866,3618
3/3/2020,486.5,3851,3651
3/2/2020,481.5,3830,3695
2/28/2020,473.25,3810,3734
2/27/2020,480.25,3814,3774
2/26/2020,493.25,3619,3814
2/25/2020,502.75,3552,3838
2/24/2020,502.25,3512,3856
2/21/2020,515,3524,3874
2/20/2020,523.75,3517,3893
2/19/2020,525,3512,3915
2/18/2020,516,3514,3930
2/17/2020,518.5,3485,3941
2/14/2020,519.25,3429,3935
2/13/2020,519,3429,3921
2/12/2020,516.75,4363,3933
2/11/2020,507.5,4517,3875
2/10/2020,506.5,4415,3807
2/7/2020,514.25,4415,3745
2/6/2020,513.75,4404,3684
2/5/2020,513.75,3988,3623
2/4/2020,507.5,3810,3589
2/3/2020,504,3795,3567
1/31/2020,512.5,3804,3543
1/30/2020,517.75,3852,4393
1/29/2020,522.5,3725,5236
1/28/2020,525.25,3686,6091
1/27/2020,515.25,3389,6936
1/24/2020,525.75,3226,7762
1/23/2020,533,3602,8610
1/22/2020,538,3496,9396
1/21/2020,546.5,3492,10170
1/20/2020,550,3496,10944
1/17/2020,546,3489,11695
1/16/2020,549.25,3489,12450
1/15/2020,548.5,3489,13198
1/14/2020,551,3476,13939
1/13/2020,550.25,3439,14672
1/10/2020,560.25,16549,15419
1/9/2020,559,16500,15275
1/8/2020,567.5,16549,15125
1/7/2020,573.5,16355,14947
1/6/2020,573.75,15787,14757
1/3/2020,574.75,15945,13885
1/2/2020,568.25,15388,13014
12/31/2019,564.75,15106,12179
12/30/2019,571.5,15101,11364
12/27/2019,572.75,14769,10541
12/26/2019,571.75,14809,9735
12/24/2019,566,14710,8919
12/23/2019,564.75,14600,8099
12/20/2019,564.75,14477,7287
12/19/2019,565,14640,6483
12/18/2019,565.5,14391,5665
12/17/2019,566.75,14246,4864
12/16/2019,564.5,13874,4073
12/13/2019,557.25,13512,3307
12/12/2019,556,2703,2564
12/11/2019,551.75,2881,2539
12/10/2019,559.75,2869,2499
12/9/2019,555.5,2871,2449
12/6/2019,556.25,2767,2399
12/5/2019,554.25,2682,2355
12/4/2019,551.5,2558,2316
12/3/2019,542.5,2421,2281
12/2/2019,546.25,2419,2230
11/29/2019,543.75,2412,2177
11/28/2019,554.5,2376,2130
11/27/2019,555.75,2376,2081
11/26/2019,559.5,2376,2031
11/25/2019,555.25,2380,1988
11/22/2019,554,2365,1945
11/21/2019,553.5,2339,1905
11/20/2019,549.75,2277,1865
11/19/2019,542.5,2121,1835
11/18/2019,545.25,2109,1814
11/15/2019,555.5,2109,1794
11/14/2019,551.75,2103,1775
11/13/2019,549.5,2036,1755
11/12/2019,551.75,1653,1740
11/11/2019,552,1630,1747
11/8/2019,547.25,1696,1755
11/7/2019,551.75,1642,1757
11/6/2019,553.75,1632,1762
11/5/2019,557.5,1734,1761
11/4/2019,558.5,1734,1735
11/1/2019,546.25,1756,1703
10/31/2019,537.25,1741,1668
10/30/2019,547,1833,1818
10/29/2019,555.5,1806,1962
10/28/2019,554.75,1811,2109
10/25/2019,557.25,1811,2254
10/24/2019,556.5,1811,2387
10/23/2019,550.25,1811,2517
10/22/2019,549,1763,2638
10/21/2019,541.75,1741,2731
10/18/2019,545.75,1723,2820
10/17/2019,543.75,1721,2906
10/16/2019,545.25,1618,2987
10/15/2019,547.75,1349,3072
10/14/2019,545,1245,3174
10/11/2019,552.75,1240,3284
10/10/2019,543.25,3987,3382
10/9/2019,544.5,3987,3297
10/8/2019,538,4013,3196
10/7/2019,543.25,3992,3093
10/4/2019,536,3807,2991
10/3/2019,535,3752,2900
10/2/2019,537.75,3631,2937
10/1/2019,545.5,3162,2981
9/30/2019,548.75,3071,3043
9/27/2019,555.5,3018,3108
9/26/2019,552,2929,3175
9/25/2019,554.5,2901,3244
9/24/2019,562.25,2882,3305
9/23/2019,565.5,2895,3368
9/20/2019,566.5,2707,3429
9/19/2019,564.25,2703,3503
9/18/2019,563.5,2473,3578
9/17/2019,569,2467,3664
9/16/2019,578,2474,3749
9/13/2019,549.25,2441,3830
9/12/2019,550.5,4301,3913
9/11/2019,563.5,4286,3859
9/10/2019,570.75,4092,3804
9/9/2019,565.25,4055,3764
9/6/2019,552.75,4015,3724
9/5/2019,562,3965,3687
9/4/2019,552.5,3825,3647
9/3/2019,534.25,3816,3616
9/2/2019,537,3816,3581
8/30/2019,540.75,3823,3844
8/29/2019,551.25,3817,4099
8/28/2019,551.5,3767,4352
8/27/2019,540,3737,4595
8/26/2019,544,3688,4830
8/23/2019,542.25,3688,5062
8/22/2019,548.75,3491,5295
8/21/2019,553.5,3461,5541
8/20/2019,547,3496,5802
8/19/2019,545.75,3457,6073
8/16/2019,543.25,3456,6347
8/15/2019,542.75,3366,6617
8/14/2019,545,3365,6893
8/13/2019,558.75,3291,7168
8/12/2019,542.5,7754,7445
8/9/2019,542.75,7650,7420
8/8/2019,534.75,7607,7393
8/7/2019,529.5,7413,7370
8/6/2019,549.25,7263,7321
8/5/2019,552.25,7172,7278
8/2/2019,560,7180,7231
8/1/2019,566.25,7181,7184
7/31/2019,578.5,7378,10055
7/30/2019,572.75,7568,12964
7/29/2019,571.5,7554,15992
7/26/2019,569.25,7518,19065
7/25/2019,572.5,7497,22102
7/24/2019,576.75,7497,25112
7/23/2019,570.75,7437,28121
7/22/2019,571,7388,31066
7/19/2019,563,7249,34017
7/18/2019,558.75,7258,36944
7/17/2019,571.5,6682,39817
7/16/2019,586,6604,42728
7/15/2019,588.5,6471,45701
7/12/2019,592,6477,48680
7/11/2019,594.75,50252,51704
7/10/2019,589.25,51005,51823
7/9/2019,574.75,52993,51990
7/8/2019,576.75,53641,52026
7/5/2019,572,53075,51959
7/4/2019,570.75,52646,51981
7/3/2019,570,52639,52082
7/2/2019,571.25,51615,49035
7/1/2019,583,51650,46048
6/28/2019,585.75,51153,43037
6/27/2019,586.5,50355,40050
6/26/2019,588.5,50349,37097
6/25/2019,583,51187,34126
6/24/2019,575,51157,31077
6/21/2019,579.5,51842,28027
6/20/2019,574.75,52039,24923
6/19/2019,559,53508,21796
6/18/2019,561.5,53533,18561
6/17/2019,554.5,52644,15333
6/14/2019,558.5,53394,12166
6/13/2019,557,54167,8948
6/12/2019,554.25,6931,5681
6/11/2019,563.75,6809,5569
6/10/2019,563.25,6481,5472
6/7/2019,559.25,6348,5397
6/6/2019,545.25,6065,5334
6/5/2019,544.25,5786,5291
6/4/2019,561.5,5450,5270
6/3/2019,560.75,5409,5271
5/31/2019,571.5,5285,5276
5/30/2019,588.25,5133,5245
5/29/2019,594.75,4985,5222
5/28/2019,601.25,5114,5211
5/27/2019,601.25,5130,5191
5/24/2019,591,5129,5170
5/23/2019,589,5154,5152
5/22/2019,609.75,5262,5138
5/21/2019,619,5350,5117
5/20/2019,620,5352,5090
5/17/2019,621,5413,5062
5/16/2019,625.5,5414,5031
5/15/2019,619.25,5468,5030
5/14/2019,613,5473,5026
5/13/2019,612.75,5471,5020
5/10/2019,616,4830,5012
5/9/2019,612.75,4791,5020
5/8/2019,619.25,4808,5029
5/7/2019,613.5,4818,5036
5/6/2019,617.5,4816,5041
5/3/2019,621,4853,5043
5/2/2019,615,4958,5230
5/1/2019,624,4935,5394
4/30/2019,627.75,4949,5554
4/29/2019,624,4936,5709
4/26/2019,617.25,4942,5858
4/25/2019,636.5,5407,6029
4/24/2019,635.75,5398,6167
4/23/2019,638.25,5381,6304
4/22/2019,639.75,5357,6444
4/18/2019,629.75,4957,6583
4/17/2019,629.75,4916,6748
4/16/2019,629.25,4919,6911
4/15/2019,628.25,4895,7069
4/12/2019,631.75,4843,7230
4/11/2019,631.25,7664,7390
4/10/2019,629.25,7407,7361
4/9/2019,626,7344,7334
4/8/2019,626,7267,7305
4/5/2019,621.25,7167,7281
4/4/2019,621.25,7517,7262
4/3/2019,618,7468,7222
4/2/2019,621,7464,7165
4/1/2019,616.5,7482,7008
3/29/2019,613.75,7433,6850
3/28/2019,609.25,7428,6695
3/27/2019,615.75,7364,6547
3/26/2019,616,7296,6403
3/25/2019,615,7310,6263
3/22/2019,609,7237,6121
3/21/2019,618.75,7229,5983
3/20/2019,623.5,7002,5845
3/19/2019,616.25,6918,5720
3/18/2019,615.5,6893,5601
3/15/2019,615.25,6892,5479
3/14/2019,618,6913,5356
3/13/2019,618,6614,5230
3/12/2019,614.75,5107,5124
3/11/2019,614.75,5108,5114
3/8/2019,604.5,5110,5101
3/7/2019,614,5207,5088
3/6/2019,614.25,5205,5065
3/5/2019,617.75,5205,5032
3/4/2019,616.75,5172,5178
3/1/2019,611.5,5164,5318
2/28/2019,618.5,5164,5460
2/27/2019,620,5132,5600
2/26/2019,614.5,5132,5737
2/25/2019,609.25,5062,5872
2/22/2019,621.75,5041,6005
2/21/2019,622.75,5025,6144
2/20/2019,621.5,5025,6277
2/19/2019,614.75,4955,6405
2/18/2019,619,4913,6534
2/15/2019,613.75,4913,6666
2/14/2019,599.75,4872,6787
2/13/2019,598,4698,6908
2/12/2019,591,7395,7029
2/11/2019,584.25,7283,6970
2/8/2019,588.25,7286,6918
2/7/2019,586,7262,6864
2/6/2019,593.75,7191,6810
2/5/2019,590.25,7159,6759
2/4/2019,588.5,7052,6708
2/1/2019,587.75,7136,6657
1/31/2019,590.25,7020,6596
1/30/2019,589.75,6934,7987
1/29/2019,585.5,6898,9404
1/28/2019,572.25,6891,10789
1/25/2019,582.25,6723,12180
1/24/2019,580.25,6699,13642
1/23/2019,581.25,6509,15111
1/22/2019,579,6507,16526
1/21/2019,584,6498,17905
1/18/2019,584.5,6488,19244
1/17/2019,577.25,6446,20572
1/16/2019,581.75,6429,21879
1/15/2019,572.75,6383,23180
1/14/2019,577.5,6296,24479
1/11/2019,581.25,6216,25723
1/10/2019,585.75,27894,26851
1/9/2019,580.5,28189,26528
1/8/2019,566.5,27671,26136
1/7/2019,562.75,27753,25757
1/4/2019,552.25,28646,25370
1/3/2019,539.5,28745,23813
1/2/2019,546.5,27728,22250
12/31/2018,538.5,27190,20755
12/28/2018,526.25,26584,19293
12/27/2018,534.5,26416,17862
12/26/2018,531,26042,16433
12/24/2018,540.75,25954,15006
12/21/2018,542.5,25863,13580
12/20/2018,548.25,24947,12151
12/19/2018,560,23148,10779
12/18/2018,556.25,23049,9527
12/17/2018,572.75,22311,8271
12/14/2018,576.25,21982,7044
12/13/2018,576.75,21942,5827
12/12/2018,583,5300,4610
12/11/2018,580,5300,4502
12/10/2018,581,5295,4380
12/7/2018,596.5,5267,4256
12/6/2018,570.75,5114,4132
12/5/2018,595.75,4974,4025
12/4/2018,592.5,4644,3929
12/3/2018,583.5,4571,3852
11/30/2018,570.75,4419,3906
11/29/2018,582.75,4373,3970
11/28/2018,583.25,4362,4033
11/27/2018,588.5,4215,4096
11/26/2018,591,3907,4161
11/23/2018,583.25,3720,4252
11/22/2018,604.75,3687,4356
11/21/2018,610.25,3682,4457
11/20/2018,609.75,3475,4551
11/19/2018,625.75,3427,4661
11/16/2018,629.5,3416,4775
11/15/2018,634.25,3498,4890
11/14/2018,636.75,3536,4999
11/13/2018,636,3488,5105
11/12/2018,662.5,5381,5213
11/9/2018,655,5382,5190
11/8/2018,666.25,5320,5180
11/7/2018,666.25,5299,5152
11/6/2018,659.25,5190,5128
11/5/2018,665.75,5285,5113
11/2/2018,661.25,5272,5090
11/1/2018,664,5197,5069
10/31/2018,685.75,5098,5333
10/30/2018,685.25,5133,5613
10/29/2018,690.75,5129,5891
10/26/2018,689.5,5143,6158
10/25/2018,688.5,5129,6422
10/24/2018,684.5,5131,6684
10/23/2018,688.5,5104,6952
10/22/2018,699,5037,7223
10/19/2018,697.75,5238,7532
10/18/2018,700,4899,7844
10/17/2018,701.25,4942,8163
10/16/2018,705.25,4955,8483
10/15/2018,705.5,4946,8801
10/12/2018,704.75,4958,9144
10/11/2018,709.75,9148,9486
10/10/2018,725.5,9305,9545
10/9/2018,731.25,9306,9591
10/8/2018,723.25,9133,9637
10/5/2018,729.25,9102,9680
10/4/2018,732.25,9060,9724
10/3/2018,728.75,9149,9771
10/2/2018,729,9164,9663
10/1/2018,720.75,9669,9552
9/28/2018,712,9918,9409
9/27/2018,701,9696,9250
9/26/2018,700.75,9729,9106
9/25/2018,702.25,9729,8960
9/24/2018,693.25,10097,8813
9/21/2018,683.5,10082,8646
9/20/2018,684.5,10032,8476
9/19/2018,687,10001,8309
9/18/2018,685,9989,8144
9/17/2018,682.5,9780,7981
9/14/2018,679.75,9768,7831
9/13/2018,679.25,9757,7681
9/12/2018,689.75,7529,7537
9/11/2018,683,7506,7550
9/10/2018,676.75,7518,7562
9/7/2018,671,7533,7573
9/6/2018,671.25,7538,7595
9/5/2018,678.5,7537,7624
9/4/2018,685.75,7531,7654
9/3/2018,685.5,7582,7696
8/31/2018,682.75,7546,7728
8/30/2018,680.25,7519,8201
8/29/2018,676.5,7534,8674
8/28/2018,676,7534,9148
8/27/2018,672.75,7534,9614
8/24/2018,674.5,7524,10079
8/23/2018,665.5,7589,10545
8/22/2018,662.5,7723,11003
8/21/2018,651.75,7683,11470
8/20/2018,648,7688,11948
8/17/2018,649.25,7867,12421
8/16/2018,644.5,7966,12882
8/15/2018,639.25,7989,13337
8/14/2018,653,8167,13795
8/13/2018,653.25,8054,14249
8/10/2018,656.25,14644,14712
8/9/2018,650.25,14617,14738
8/8/2018,651.75,14639,14765
8/7/2018,663.25,14521,14807
8/6/2018,660.75,14519,14857
8/3/2018,655.5,14509,14910
8/2/2018,652,14453,14963
8/1/2018,646.5,14739,17184
7/31/2018,662.25,14855,19371
7/30/2018,669,14776,21589
7/27/2018,669,14777,23799
7/26/2018,668,14796,26008
7/25/2018,663,14866,28255
7/24/2018,661.5,14975,30550
7/23/2018,656.75,14991,32839
7/20/2018,649.25,15031,35157
7/19/2018,649.5,15030,37420
7/18/2018,642.5,15262,39678
7/17/2018,644.25,15273,41924
7/16/2018,645.5,15321,44161
7/13/2018,662.5,15297,46328
7/12/2018,651.25,47778,48475
7/11/2018,667.75,47535,48458
7/10/2018,677.25,48134,48493
7/9/2018,673.25,47918,48522
7/6/2018,666.25,47908,48606
7/5/2018,670,48500,48664
7/4/2018,668,49290,48730
7/3/2018,659,49319,48721
7/2/2018,665.5,49752,46021
6/29/2018,675.25,48988,43294
6/28/2018,668.25,48889,40618
6/27/2018,671.75,48962,37946
6/26/2018,653.75,48823,35264
6/25/2018,649.5,47830,32586
6/22/2018,650.75,47501,29975
6/21/2018,641.5,47522,27380
6/20/2018,651,48060,24781
6/19/2018,650,48573,22149
6/18/2018,649.75,49168,19482
6/15/2018,644.25,48786,16801
6/14/2018,662.25,49494,14117
6/13/2018,664,49153,11386
6/12/2018,663.5,8812,8691
6/11/2018,663,8851,8693
6/8/2018,663.5,8849,8719
6/7/2018,663.25,8811,8746
6/6/2018,651.75,8728,8775
6/5/2018,652.75,8656,8749
6/4/2018,658.5,8656,8784
6/1/2018,662.25,8588,8832
5/31/2018,672.5,8528,8884
5/30/2018,668.75,8576,9102
5/29/2018,657.25,8576,9318
5/28/2018,657.75,8948,9512
5/25/2018,665.25,8529,9678
5/24/2018,680.75,8529,9871
5/23/2018,680.75,8734,10066
5/22/2018,687.25,8834,10247
5/21/2018,678,9248,10412
5/18/2018,679.5,9248,10541
5/17/2018,683.5,9248,10670
5/16/2018,667.25,8342,10599
5/15/2018,669.25,9170,10537
5/14/2018,662,9380,10392
5/11/2018,659,9376,10217
5/10/2018,654.25,11787,10030
5/9/2018,653.75,11823,9655
5/8/2018,631.25,11487,9270
5/7/2018,645.5,11433,8866
5/4/2018,633,11432,8458
5/3/2018,623.75,11450,8048
5/2/2018,620,11444,7779
5/1/2018,624.25,11311,7499
4/30/2018,627.5,11183,7192
4/27/2018,624.75,11181,6896
4/26/2018,623.75,8181,6597
4/25/2018,620,7414,6506
4/24/2018,626,6996,6458
4/23/2018,620.5,6752,6424
4/20/2018,614.25,6571,6416
4/19/2018,621.25,6162,6417
4/18/2018,611,6058,6405
4/17/2018,603.5,5415,6397
4/16/2018,602.75,5323,6428
4/13/2018,605.75,5285,6456
4/12/2018,600.25,7405,6487
4/11/2018,606.5,7250,6366
4/10/2018,595,6699,6246
4/9/2018,585.5,6744,6162
4/6/2018,578.75,6707,6076
4/5/2018,583.5,6814,5963
4/4/2018,580,6693,5843
4/3/2018,582,6489,5723
4/2/2018,584,6622,5488
3/29/2018,590.25,6592,5245
3/28/2018,588.75,5976,4999
3/27/2018,589,5945,4794
3/26/2018,588.25,5870,4591
3/23/2018,588.5,5746,4396
3/22/2018,585,5746,4209
3/21/2018,585.5,5593,4026
3/20/2018,573.5,5447,3849
3/19/2018,568.25,5442,3680
3/16/2018,567.25,5452,3502
3/15/2018,563,5021,3324
3/14/2018,561.75,5010,3175
3/13/2018,560,4892,3026
3/12/2018,559.5,2972,2884
3/9/2018,561.75,2966,2871
3/8/2018,554.25,2906,2857
3/7/2018,559,2903,2850
3/6/2018,560,2902,2837
3/5/2018,560.25,2946,2819
3/2/2018,548.25,2940,2823
3/1/2018,546.5,3001,2811
2/28/2018,559,2938,2796
2/27/2018,570,2916,2783
2/26/2018,572,2766,2778
2/23/2018,565.75,2779,2787
2/22/2018,561.75,2782,2794
2/21/2018,555,2779,2803
2/20/2018,554.25,2768,2818
2/19/2018,554.25,2768,2838
2/16/2018,548.75,2768,2858
2/15/2018,542,2788,2879
2/14/2018,540.25,2707,2897
2/13/2018,533.75,2634,2917
2/12/2018,538.5,3017,2939
2/9/2018,536.75,2756,2936
2/8/2018,547.75,2772,2956
2/7/2018,555.75,2751,2974
2/6/2018,564.25,2831,2994
2/5/2018,573.75,2905,3008
2/2/2018,573.5,2879,3017
2/1/2018,579.5,2923,3027
1/31/2018,575.75,3006,4506
1/30/2018,576.75,3070,5990
1/29/2018,580.25,3070,7437
1/26/2018,587.25,3070,8891
1/25/2018,588.75,3070,10331
1/24/2018,585.5,2997,11757
1/23/2018,586.75,2970,13170
1/22/2018,583.75,2967,14522
1/19/2018,577.25,3052,15868
1/18/2018,581.25,3052,17150
1/17/2018,580.5,3045,18417
1/16/2018,580.5,3045,19678
1/15/2018,582.25,3032,20937
1/12/2018,577,3032,22196
1/11/2018,579,25108,23453
1/10/2018,577.25,25271,23234
1/9/2018,574,24779,23001
1/8/2018,569.75,24875,22795
1/5/2018,567.5,24668,22578
1/4/2018,566.5,24469,22374
1/3/2018,566.75,24185,20909
1/2/2018,561,23250,19462
12/29/2017,554.5,23153,18077
12/28/2017,561.25,22279,16699
12/27/2017,560,22060,15378
12/26/2017,566.75,21969,14072
12/22/2017,549.25,21929,12778
12/21/2017,550.75,21916,11484
12/20/2017,549.5,21890,10191
12/19/2017,544,21816,8899
12/18/2017,543.75,21770,7613
12/15/2017,539.25,21697,6329
12/14/2017,538.25,21622,5050
12/13/2017,535.5,21610,3776
12/12/2017,545,2489,2503
12/11/2017,548.5,2477,2501
12/8/2017,545.25,2477,2500
12/7/2017,535.75,2477,2499
12/6/2017,532.5,2474,2473
12/5/2017,541,2474,2446
12/4/2017,538.5,2551,2420
12/1/2017,547.5,2519,2396
11/30/2017,540.5,2519,2301
11/29/2017,542.25,2519,2206
11/28/2017,546,2513,2111
11/27/2017,543.25,2513,2016
11/24/2017,542,2514,1921
11/23/2017,541.5,2513,1826
11/22/2017,539.25,2518,1730
11/21/2017,537.75,2463,1635
11/20/2017,536.25,2463,1543
11/17/2017,541,2459,1451
11/16/2017,538.25,2078,1360
11/15/2017,538.75,2076,1293
11/14/2017,537.25,2076,1227
11/13/2017,549.25,2195,1160
11/10/2017,551,1094,1086
11/9/2017,549.75,1093,1085
11/8/2017,546.25,1093,1084
11/7/2017,544.5,1093,1083
11/6/2017,542,1084,1082
11/3/2017,530,1086,1082
11/2/2017,526.25,1086,1081
11/1/2017,529.5,1086,1251
10/31/2017,531.25,1086,1419
10/30/2017,528.5,1086,1587
10/27/2017,526.5,1085,1750
10/26/2017,518.25,1080,1913
10/25/2017,515.5,1079,2078
10/24/2017,511,1079,2241
10/23/2017,509.25,1079,2403
10/20/2017,511.75,1079,2566
10/19/2017,508.5,1079,2728
10/18/2017,508.5,1079,2888
10/17/2017,510,1079,3045
10/16/2017,510.5,1079,3203
10/13/2017,508,1079,3356
10/12/2017,502.75,3628,3515
10/11/2017,504.25,3605,3483
10/10/2017,506.25,3605,3452
10/9/2017,497.25,3534,3420
10/6/2017,496.5,3534,3394
10/5/2017,510.5,3546,3368
10/4/2017,504.25,3526,3340
10/3/2017,502.25,3521,3314
10/2/2017,502,3521,3253
9/29/2017,511.75,3511,3193
9/28/2017,513.25,3466,3133
9/27/2017,513.25,3446,3075
9/26/2017,512,3451,3018
9/25/2017,514.25,3370,2961
9/22/2017,507,3456,2908
9/21/2017,507.5,3149,2849
9/20/2017,506,3149,2812
9/19/2017,503,3119,2777
9/18/2017,500.25,3143,2744
9/15/2017,505.75,3143,2709
9/14/2017,503.5,3128,2676
9/13/2017,499,3134,2643
9/12/2017,496.25,2615,2610
9/11/2017,491.25,2615,2612
9/8/2017,494,2615,2613
9/7/2017,496.5,2595,2615
9/6/2017,498.75,2585,2618
9/5/2017,496,2592,2614
9/4/2017,488.25,2580,2610
9/1/2017,491,2580,2608
8/31/2017,489,2580,2601
8/30/2017,482.5,2625,2682
8/29/2017,478.75,2626,2758
8/28/2017,480,2616,2821
8/25/2017,480.5,2647,2886
8/24/2017,483.25,2647,2949
8/23/2017,483.25,2637,3012
8/22/2017,478.5,2638,3074
8/21/2017,475.75,2638,3134
8/18/2017,475.75,2638,3188
8/17/2017,471.25,2638,3235
8/16/2017,472.5,2522,3276
8/15/2017,472.5,2541,3329
8/14/2017,480.5,2541,3374
8/11/2017,479.5,2486,3425
8/10/2017,482.75,3788,3480
8/9/2017,484.5,3773,3445
8/8/2017,487.5,3571,3410
8/7/2017,481.75,3591,3391
8/4/2017,487,3591,3361
8/3/2017,488.75,3581,3333
8/2/2017,486.75,3580,3301
8/1/2017,481.5,3533,7038
7/31/2017,485.5,3443,10755
7/28/2017,484,3348,14451
7/27/2017,480,3252,18116
7/26/2017,476.75,3310,21773
7/25/2017,470.75,3216,25390
7/24/2017,463.25,3306,28976
7/21/2017,463.25,3320,32558
7/20/2017,470.25,3255,36099
7/19/2017,469.5,3256,39589
7/18/2017,464,3288,43024
7/17/2017,466,3132,46433
7/14/2017,464.5,3173,49822
7/13/2017,463.75,3105,53146
7/12/2017,456.25,59626,56284
7/11/2017,453.75,59296,55635
7/10/2017,453,58877,55042
7/7/2017,449,58324,54438
7/6/2017,464,58111,53938
7/5/2017,459.25,57562,53409
7/4/2017,469.75,57010,52820
7/3/2017,469,57032,52177
6/30/2017,458.75,56445,48570
6/29/2017,456,55605,45000
6/28/2017,451.5,54773,41490
6/27/2017,448.5,54427,38040
6/26/2017,439,53957,34612
6/23/2017,439,53038,31220
6/22/2017,441.75,50170,27888
6/21/2017,442.5,49892,24748
6/20/2017,441.75,50406,21627
6/19/2017,451.75,49821,18471
6/16/2017,450.75,50828,15355
6/15/2017,448.25,50167,12172
6/14/2017,445.25,48724,9027
6/13/2017,452.25,47368,5959
6/12/2017,457.25,2923,2975
6/9/2017,455.25,2904,2953
6/8/2017,452,2949,2956
6/7/2017,450.25,3024,2946
6/6/2017,455.75,3010,2931
6/5/2017,456.75,3070,2907
6/2/2017,462.5,3070,2880
6/1/2017,471.5,3068,2855
5/31/2017,467.75,3068,3000
5/30/2017,476.25,3077,3149
5/29/2017,482.5,3080,3276
5/26/2017,478,3080,3402
5/25/2017,485.75,2995,3528
5/24/2017,492.5,2697,3649
5/23/2017,491.25,2606,3787
5/22/2017,489.5,2602,3927
5/19/2017,485.75,2949,4068
5/18/2017,479.5,2794,4185
5/17/2017,478.75,2794,4300
5/16/2017,475.75,2660,4415
5/15/2017,475.75,2660,4539
5/12/2017,469,2691,4663
5/11/2017,471.25,5247,4785
5/10/2017,468.25,5305,4735
5/9/2017,461.5,4975,4682
5/8/2017,460,4974,4654
5/5/2017,463.25,4974,4626
5/4/2017,456.25,4813,4598
5/3/2017,466.25,4761,4662
5/2/2017,472,4712,4727
5/1/2017,474.25,4712,4794
4/28/2017,478.25,4707,4862
4/27/2017,475.5,4520,4901
4/26/2017,487.75,4520,4955
4/25/2017,483.5,4520,5001
4/24/2017,485.5,4520,5047
4/21/2017,486.75,4520,5108
4/20/2017,494.75,4485,5168
4/19/2017,504.25,4516,5196
4/18/2017,508,4553,5221
4/17/2017,512,4557,5240
4/13/2017,511.5,4557,5258
4/12/2017,511,5770,5283
4/11/2017,506.75,5734,5224
4/10/2017,507.5,5725,5155
4/7/2017,501.5,5731,5089
4/6/2017,498.75,5294,5019
4/5/2017,496,5325,4977
4/4/2017,494.5,5210,4910
4/3/2017,488,5214,4847
3/31/2017,487.5,5429,4766
3/30/2017,486.75,5414,4642
3/29/2017,480.5,4915,4518
3/28/2017,479,4889,4427
3/27/2017,474.25,4829,4337
3/24/2017,471.5,4833,4251
3/23/2017,473,4935,4164
3/22/2017,472.5,4886,4071
3/21/2017,475.5,4695,3981
3/20/2017,480,4733,3904
3/17/2017,477.75,4682,3825
3/16/2017,478.25,4670,3747
3/15/2017,479.5,4315,3654
3/14/2017,475,4270,3583
3/13/2017,480,3999,3517
3/10/2017,481.5,3571,3462
3/9/2017,483.75,3552,3438
3/8/2017,503,3550,3415
3/7/2017,508.5,3540,3390
3/6/2017,507.75,3533,3369
3/3/2017,505.5,3536,3358
3/2/2017,503.75,3534,3406
3/1/2017,512,3541,3455
2/28/2017,505.25,3541,3506
2/27/2017,509,3539,3556
2/24/2017,506.5,3512,3608
2/23/2017,509.75,3276,3662
2/22/2017,503.5,3256,3730
2/21/2017,512.5,3280,3787
2/20/2017,512.5,3174,3823
2/17/2017,507.75,3206,3864
2/16/2017,508.25,3206,3902
2/15/2017,511.5,3180,3929
2/14/2017,514.25,3223,3942
2/13/2017,510,3373,3952
2/10/2017,519.25,4256,3948
2/9/2017,512,4266,3885
2/8/2017,510.5,4309,3824
2/7/2017,507.75,4287,3754
2/6/2017,516.25,4312,3671
2/3/2017,518.5,4326,3586
2/2/2017,520.25,4294,3501
2/1/2017,519,4113,4751
1/31/2017,516.25,3822,6021
1/30/2017,509.25,3780,7326
1/27/2017,512.25,3780,8632
1/26/2017,519.5,3620,9924
1/25/2017,517,3373,11253
1/24/2017,518.25,3363,12601
1/23/2017,517,3322,13890
1/20/2017,519.25,3312,15182
1/19/2017,510,3342,16474
1/18/2017,515.25,3257,17764
1/17/2017,518.5,3054,19054
1/16/2017,514.25,3038,20352
1/13/2017,514.5,3040,21641
1/12/2017,517.75,23042,22920
1/11/2017,511.75,23170,22857
1/10/2017,507.75,23403,22768
1/9/2017,516.75,23365,22650
1/6/2017,525.5,23165,22537
1/5/2017,521,23546,22444
1/4/2017,522,23601,22310
1/3/2017,521.75,22692,22184
1/2/2017,526,22698,20795
12/30/2016,526,22698,19405
12/29/2016,527.25,22696,18015
12/28/2016,524,22604,16627
12/27/2016,525.5,22519,15242
12/23/2016,512.75,22369,13863
12/22/2016,516,22229,12499
12/21/2016,515.25,22096,11145
12/20/2016,516.75,21839,9795
12/19/2016,511.75,21630,8464
12/16/2016,515.75,21675,7141
12/15/2016,504,21767,5822
12/14/2016,514.5,21538,4496
12/13/2016,513.75,21703,3186
12/12/2016,518.25,1862,1865
12/9/2016,511,1857,1863
12/8/2016,505.75,1848,1861
12/7/2016,509,1868,1860
12/6/2016,510.5,1834,1858
12/5/2016,513.75,1835,1852
12/2/2016,508.5,1903,1843
12/1/2016,505.25,1920,1829
11/30/2016,491.25,1850,1806
11/29/2016,474.75,1867,1780
11/28/2016,488,1788,1748
11/25/2016,481.25,1887,1720
11/24/2016,491.5,1886,1690
11/23/2016,490.5,1886,1655
11/22/2016,489.75,1886,1617
11/21/2016,490.5,1831,1577
11/18/2016,472,1831,1541
11/17/2016,472.25,1832,1505
11/16/2016,472.75,1831,1468
11/15/2016,471.5,1750,1432
11/14/2016,458.75,1699,1392
11/11/2016,463.5,1696,1361
11/10/2016,472,1565,1329
11/9/2016,471.75,1472,1306
11/8/2016,470.5,1382,1289
11/7/2016,468,1373,1278
11/4/2016,468.75,1429,1264
11/3/2016,472,1357,1245
11/2/2016,473.25,1328,1230
11/1/2016,483.25,1286,1387
10/31/2016,485.75,1286,1542
10/28/2016,503,1286,1701
10/27/2016,506,1286,1859
10/26/2016,504.25,1286,2023
10/25/2016,505.25,1156,2184
10/24/2016,505.5,1221,2295
10/21/2016,505.5,1221,2377
10/20/2016,502.75,1220,2456
10/19/2016,514,1220,2534
10/18/2016,503.5,1220,2610
10/17/2016,500.25,1157,2685
10/14/2016,502,1139,2764
10/13/2016,504.75,1139,2845
10/12/2016,502.5,3681,2927
10/11/2016,506.75,3611,2837
10/10/2016,511.25,3669,2735
10/7/2016,504,3663,2624
10/6/2016,504.5,3735,2514
10/5/2016,500.5,3704,2398
10/4/2016,494.75,2823,2281
10/3/2016,488.5,2451,2225
9/30/2016,485.75,2401,2242
9/29/2016,483.5,2401,2263
9/28/2016,460.75,2351,2283
9/27/2016,455.5,2346,2306
9/26/2016,469,2346,2329
9/23/2016,468.5,2355,2339
9/22/2016,470,2371,2345
9/21/2016,462.75,2328,2345
9/20/2016,460.25,2076,2344
9/19/2016,464.25,2013,2361
9/16/2016,458.75,2008,2383
9/15/2016,463.5,1996,2405
9/14/2016,461,1956,2428
9/13/2016,468,1975,2454
9/12/2016,474.5,2714,2476
9/9/2016,476.25,2714,2451
9/8/2016,480.75,2696,2426
9/7/2016,464,2696,2397
9/6/2016,459.5,2696,2368
9/5/2016,464.5,2498,2339
9/2/2016,460.25,2443,2318
9/1/2016,454.75,2368,2301
8/31/2016,465.5,2304,2456
8/30/2016,476.25,2340,2612
8/29/2016,480.25,2340,2738
8/26/2016,486.25,2340,2863
8/25/2016,483.75,2340,2989
8/24/2016,480,2340,3114
8/23/2016,488,2317,3238
8/22/2016,483.5,2331,3353
8/19/2016,490,2339,3455
8/18/2016,490.5,2260,3546
8/17/2016,479.25,2260,3643
8/16/2016,477.5,2261,3742
8/15/2016,472.5,2186,3838
8/12/2016,463,2186,3939
8/11/2016,454.25,4690,4041
8/10/2016,442.5,4650,3976
8/9/2016,446.25,4223,3911
8/8/2016,444.75,4223,3887
8/5/2016,434,4223,3860
8/4/2016,432.5,4226,3827
8/3/2016,431.75,4199,3806
8/2/2016,427,4040,3786
8/1/2016,429.25,3855,6463
7/29/2016,439.25,3714,9120
7/28/2016,440.5,3704,11749
7/27/2016,447.25,3744,14350
7/26/2016,452.25,3702,16908
7/25/2016,454,3701,19505
7/22/2016,458.5,3720,22071
7/21/2016,467.5,3720,24659
7/20/2016,473,3664,27242
7/19/2016,470.75,3874,29876
7/18/2016,465.75,3809,32479
7/15/2016,473.5,3738,35071
7/14/2016,473.5,3913,37647
7/13/2016,467.75,3892,40168
7/12/2016,479,44197,42688
7/11/2016,472,43715,42531
7/8/2016,472,43137,42424
7/7/2016,478,42717,42351
7/6/2016,476.75,42123,42278
7/5/2016,475,42662,42198
7/4/2016,489.5,42184,42088
7/1/2016,486,42544,41989
6/30/2016,487.25,42457,39413
6/29/2016,493,43173,36842
6/28/2016,475.5,42925,34225
6/27/2016,467.25,42694,31621
6/24/2016,476.75,42374,29032
6/23/2016,489.25,41725,26461
6/22/2016,486.25,41694,23933
6/21/2016,484.25,41836,21411
6/20/2016,486,42117,18880
6/17/2016,471.5,42047,16328
6/16/2016,465.25,41620,13781
6/15/2016,479.25,40919,11262
6/14/2016,480.75,41011,8790
6/13/2016,487.25,40699,6312
6/10/2016,487,3898,3855
6/9/2016,494,3894,3850
6/8/2016,495,3921,3846
6/7/2016,490.25,3860,3841
6/6/2016,482.75,3860,3840
6/3/2016,478,3810,3839
6/2/2016,482,3810,3843
6/1/2016,479.25,3869,3921
5/31/2016,486.75,3864,3989
5/30/2016,485.25,3840,4062
5/27/2016,482,3840,4118
5/26/2016,483.25,3840,4173
5/25/2016,481,3839,4229
5/24/2016,479.75,3839,4288
5/23/2016,474,3839,4334
5/20/2016,475.5,3832,4383
5/19/2016,469,3834,4432
5/18/2016,479.5,3845,4482
5/17/2016,475.75,3845,4516
5/16/2016,472.25,3846,4574
5/13/2016,466.5,3857,4652
5/12/2016,461.5,4985,4742
5/11/2016,463,4893,4770
5/10/2016,451.5,4953,4805
5/9/2016,442.25,4684,4836
5/6/2016,455.75,4662,4886
5/5/2016,454.5,4681,4934
5/4/2016,448,4721,4980
5/3/2016,449,4537,5026
5/2/2016,460,4564,5026
4/29/2016,461.5,4580,5025
4/28/2016,462.25,4584,5023
4/27/2016,451.5,4341,5023
4/26/2016,450.75,4722,5026
4/25/2016,447.25,5021,5003
4/22/2016,447.25,5208,4958
4/21/2016,442.75,5398,4902
4/20/2016,437,5426,4824
4/19/2016,432,5417,4744
4/18/2016,423.25,5429,4656
4/15/2016,424.5,5374,4568
4/14/2016,436.75,5383,4484
4/13/2016,436,5403,4400
4/12/2016,434.25,4544,4314
4/11/2016,426.75,4545,4279
4/8/2016,420.25,4549,4241
4/7/2016,399,4591,4203
4/6/2016,404,4386,4168
4/5/2016,396.25,4376,4146
4/4/2016,404.5,4335,4124
4/1/2016,409.5,4378,4105
3/31/2016,426.75,4230,4075
3/30/2016,423.5,4217,4058
3/29/2016,415.25,4107,4041
3/28/2016,423.25,4107,4031
3/24/2016,427.25,4103,4021
3/23/2016,430.75,4125,4014
3/22/2016,436.25,4112,4006
3/21/2016,432.5,4023,3996
3/18/2016,431,3979,3992
3/17/2016,432,3976,3991
3/16/2016,425.75,4063,3993
3/15/2016,415.75,4063,3987
3/14/2016,420.5,4046,3978
3/11/2016,427.5,4041,3974
3/10/2016,420.25,3937,3968
3/9/2016,427,3965,3967
3/8/2016,423.75,3963,3960
3/7/2016,421.25,3961,3934
3/4/2016,408.25,3964,3896
3/3/2016,401.75,3993,3855
3/2/2016,404.25,4005,3949
3/1/2016,402.75,3963,4027
2/29/2016,403.75,3962,4111
2/26/2016,403.25,3969,4194
2/25/2016,390,3995,4277
2/24/2016,387.5,3975,4345
2/23/2016,388.25,3937,4408
2/22/2016,401,3977,4453
2/19/2016,391.5,3951,4490
2/18/2016,400.75,3926,4522
2/17/2016,402,3863,4550
2/16/2016,386.25,3570,4577
2/15/2016,396,3383,4617
2/12/2016,392.75,3349,4664
2/11/2016,368.5,5417,4709
2/10/2016,370.25,5174,4607
2/9/2016,380.25,5213,4515
2/8/2016,392.75,5213,4415
2/5/2016,397.25,5208,4317
2/4/2016,396.25,5022,4218
2/3/2016,390,4923,4130
2/2/2016,384.75,4600,4047
2/1/2016,394,4535,5615
1/29/2016,396.25,4440,7166
1/28/2016,393.75,4343,8718
1/27/2016,381.5,4272,10257
1/26/2016,374.75,4161,11766
1/25/2016,368.25,4096,13266
1/22/2016,369.75,4025,14759
1/21/2016,348.75,3881,16210
1/20/2016,340.25,3795,17663
1/19/2016,359.25,3718,19121
1/18/2016,361.25,3742,20574
1/15/2016,369.75,3710,22025
1/14/2016,377.5,3710,23498
1/13/2016,382.25,3673,24977
1/12/2016,385,28131,26466
1/11/2016,394.25,27792,26304
1/8/2016,402.25,27718,26155
1/7/2016,417.5,27437,25964
1/6/2016,417.75,26907,25756
1/5/2016,428.5,26652,25525
1/4/2016,431.75,26496,25260
12/31/2015,428.25,25781,23718
12/30/2015,431.25,25682,22223
12/29/2015,437.5,25672,20735
12/28/2015,433.75,25511,19238
12/24/2015,437.75,25499,17751
12/23/2015,433.25,25809,16265
12/22/2015,432.75,25899,14760
12/21/2015,429.75,26003,13249
12/18/2015,441.75,25702,11731
12/17/2015,440,25559,10232
12/16/2015,443,24857,8746
12/15/2015,451.5,24310,7303
12/14/2015,445.75,23437,5894
12/11/2015,452,22686,4544
12/10/2015,457.75,3358,3239
12/9/2015,461.5,3358,3221
12/8/2015,465,3367,3205
12/7/2015,468,3210,3188
12/4/2015,483.75,3210,3182
12/3/2015,483,3208,3175
12/2/2015,482.75,3238,3158
12/1/2015,487,3234,3140
11/30/2015,497.25,3226,3114
11/27/2015,497.25,3221,3089
11/26/2015,501,3266,3063
11/25/2015,503.75,3216,3035
11/24/2015,507,3176,3010
11/23/2015,501.75,3181,2987
11/20/2015,495.5,3115,2965
11/19/2015,496.75,3095,2939
11/18/2015,495.25,3113,2909
11/17/2015,497.75,3112,2878
11/16/2015,493.5,3112,2846
11/13/2015,500.75,3112,2817
11/12/2015,499.75,2959,2785
11/11/2015,508.5,2955,2764
11/10/2015,519.5,2851,2739
11/9/2015,517.5,2851,2723
11/6/2015,519.75,2838,2705
11/5/2015,524,2842,2686
11/4/2015,526.25,2838,2668
11/3/2015,534,2824,2646
11/2/2015,527,2865,2621
10/30/2015,528.25,2712,2622
10/29/2015,527.5,2647,2632
10/28/2015,526.75,2648,2648
10/27/2015,511,2640,2656
10/26/2015,519.25,2666,2647
10/23/2015,518.5,2641,2629
10/22/2015,518.25,2639,2593
10/21/2015,520.25,2581,2553
10/20/2015,521,2609,2503
10/19/2015,521.5,2586,2451
10/16/2015,527.5,2552,2432
10/15/2015,522,2568,2415
10/14/2015,527,2515,2397
10/13/2015,532.75,2443,2383
10/12/2015,541,2883,2373
10/9/2015,545.5,2862,2334
10/8/2015,546,2884,2297
10/7/2015,543.5,2767,2257
10/6/2015,542.25,2510,2224
10/5/2015,530.75,2398,2209
10/2/2015,512.25,2103,2192
10/1/2015,523,2039,2202
9/30/2015,521.75,1831,2284
9/29/2015,522.25,1831,2369
9/28/2015,517.25,2297,2428
9/25/2015,524.5,2297,2456
9/24/2015,523.75,2297,2484
9/23/2015,531.75,2297,2511
9/22/2015,523.75,2297,2533
9/21/2015,526.25,2306,2556
9/18/2015,523.5,2306,2553
9/17/2015,528.75,2276,2549
9/16/2015,536.5,2276,2546
9/15/2015,520.75,2286,2528
9/14/2015,524.75,2137,2506
9/11/2015,533.25,2253,2491
9/10/2015,530.75,3269,2457
9/9/2015,531,3113,2351
9/8/2015,535.5,2714,2245
9/7/2015,523.75,2714,2155
9/4/2015,536.75,2714,2062
9/3/2015,548.25,2704,1968
9/2/2015,528.75,2634,1875
9/1/2015,540.5,2634,1911
8/31/2015,544.25,2260,1931
8/28/2015,538.25,2254,1988
8/27/2015,508.25,2229,2042
8/26/2015,492,2011,2097
8/25/2015,494,1951,2167
8/24/2015,491.5,1916,2240
8/21/2015,506,1736,2313
8/20/2015,522.5,1687,2398
8/19/2015,524,1521,2489
8/18/2015,531.75,1361,2586
8/17/2015,536.5,1311,2694
8/14/2015,536,1316,2801
8/13/2015,536.25,1306,2908
8/12/2015,532.25,3174,3020
8/11/2015,528,2926,3008
8/10/2015,536.25,3126,3010
8/7/2015,532,3060,2998
8/6/2015,530.75,3057,2987
8/5/2015,538,3053,2976
8/4/2015,538.25,3053,2961
8/3/2015,538.75,3015,2946
7/31/2015,554.75,3009,2933
7/30/2015,560.25,3054,5673
7/29/2015,562,2976,8368
7/28/2015,559.75,2976,11036
7/27/2015,556,2920,13600
7/24/2015,561,2921,16146
7/23/2015,570.5,2986,18441
7/22/2015,574.5,2994,20655
7/21/2015,572.25,2951,22874
7/20/2015,570,2948,25090
7/17/2015,571.75,2894,27303
7/16/2015,578.75,2893,29446
7/15/2015,581.5,2824,31584
7/14/2015,585.25,2824,33670
7/13/2015,590.5,2824,35715
7/10/2015,582.5,44111,37749
7/9/2015,584.75,43482,36974
7/8/2015,574,42986,36210
7/7/2015,568.75,41446,35488
7/6/2015,585.25,41101,34826
7/3/2015,600.75,37350,34182
7/2/2015,616.25,36198,33760
7/1/2015,614.5,36281,31505
6/30/2015,618.25,36187,29245
6/29/2015,611.25,36140,26990
6/26/2015,618.25,35036,24739
6/25/2015,615.5,34976,22560
6/24/2015,626.75,34105,20381
6/23/2015,628.25,33500,18259
6/22/2015,617.5,33342,16178
6/19/2015,616.25,32473,14108
6/18/2015,629,32027,12093
6/17/2015,626.75,32152,10102
6/16/2015,621,31515,8106
6/15/2015,620.5,31447,6151
6/12/2015,626,31016,4200
6/11/2015,629.25,2379,2278
6/10/2015,631.75,2377,2263
6/9/2015,627.25,2371,2250
6/8/2015,614.75,2371,2236
6/5/2015,610.5,2346,2224
6/4/2015,611.25,2288,2215
6/3/2015,625.25,2286,2210
6/2/2015,631.25,2286,2204
6/1/2015,625.25,2286,2282
5/29/2015,625.75,2248,2352
5/28/2015,609.5,2160,2417
5/27/2015,614.75,2209,2455
5/26/2015,621.25,2188,2490
5/25/2015,636.75,2187,2527
5/22/2015,631.75,2187,2563
5/21/2015,638.75,2159,2600
5/20/2015,627,2184,2639
5/19/2015,628.75,2151,2676
5/18/2015,639.75,2200,2717
5/15/2015,641.75,2207,2754
5/14/2015,646.5,2217,2791
5/13/2015,646.75,2190,2826
5/12/2015,641.25,3450,2862
5/11/2015,629.75,3345,2813
5/8/2015,635,3221,2765
5/7/2015,640.5,2735,2725
5/6/2015,651,2726,2711
5/5/2015,652,2739,2694
5/4/2015,641.5,2739,2674
5/1/2015,636.75,2739,2653
4/30/2015,637.25,2739,2602
4/29/2015,635.25,2738,2550
4/28/2015,629,2763,2499
4/27/2015,630,2759,2444
4/24/2015,631.5,2759,2373
4/23/2015,630.25,2749,2302
4/22/2015,620.75,2723,2232
4/21/2015,620.25,2723,2161
4/20/2015,621.25,2617,2089
4/17/2015,622.75,2631,2024
4/16/2015,618,2527,1958
4/15/2015,608,2468,1901
4/14/2015,601,2432,1847
4/13/2015,596.25,2432,1800
4/10/2015,592.75,1968,1744
4/9/2015,586.75,1968,1717
4/8/2015,586.75,1971,1690
4/7/2015,596.75,1931,1652
4/6/2015,599,1696,1617
4/2/2015,578.25,1696,1593
4/1/2015,593.25,1697,1590
3/31/2015,586.5,1660,1581
3/30/2015,584.5,1640,1577
3/27/2015,596.25,1641,1573
3/26/2015,602.5,1642,1565
3/25/2015,586.75,1667,1558
3/24/2015,586.25,1665,1548
3/23/2015,589,1732,1539
3/20/2015,585.25,1579,1526
3/19/2015,580.5,1566,1525
3/18/2015,579.25,1565,1524
3/17/2015,571.25,1401,1524
3/16/2015,573.5,1408,1534
3/13/2015,585.75,1343,1544
3/12/2015,592.5,1641,1563
3/11/2015,594.75,1566,1558
3/10/2015,592,1592,1550
3/9/2015,608,1580,1538
3/6/2015,615.25,1531,1522
3/5/2015,620.25,1529,1508
3/4/2015,616.75,1529,1524
3/3/2015,628.75,1529,1541
3/2/2015,626,1529,1558
2/27/2015,630,1569,1575
2/26/2015,623,1546,1589
2/25/2015,617.5,1562,1603
2/24/2015,619,1562,1613
2/23/2015,615.5,1557,1621
2/20/2015,619.5,1629,1625
2/19/2015,612.5,1566,1620
2/18/2015,627.25,1442,1596
2/17/2015,625.25,1412,1563
2/16/2015,629.25,1332,1530
2/13/2015,626,1334,1517
2/12/2015,611.75,1758,1500
2/11/2015,604,1790,1447
2/10/2015,612.25,1780,1386
2/9/2015,616.75,1783,1335
2/6/2015,608.25,1784,1267
2/5/2015,605.25,1758,1193
2/4/2015,601.5,1710,1123
2/3/2015,604.25,1676,1045
2/2/2015,581.5,1627,956
1/30/2015,555.75,1545,1133
1/29/2015,552.25,1202,1298
1/28/2015,555.75,956,1475
1/27/2015,552.75,921,1671
1/26/2015,552,1134,1848
1/23/2015,554,1074,1974
1/22/2015,551,962,2097
1/21/2015,547.25,884,2228
1/20/2015,552.25,1015,2364
1/19/2015,554,764,2494
1/16/2015,556,664,2642
1/15/2015,556.25,714,2797
1/14/2015,552.25,531,2946
1/13/2015,551,353,3106
1/12/2015,553.5,4274,3276
1/9/2015,557.25,4024,3180
1/8/2015,560.5,3854,3093
1/7/2015,561.5,3903,3005
1/6/2015,575.25,3572,2909
1/5/2015,582.5,3016,2827
1/2/2015,607,2926,2637
12/31/2014,596.25,2933,2453
12/30/2014,607.5,2911,2266
12/29/2014,618.75,2971,2080
12/26/2014,621.25,2987,1890
12/24/2014,621.25,2987,1699
12/23/2014,625.25,2948,1507
12/22/2014,619.25,2936,1315
12/19/2014,617.25,2901,1125
12/18/2014,615,2828,936
12/17/2014,618,2727,753
12/16/2014,621,2522,573
12/15/2014,626,2473,406
12/12/2014,633.5,2332,242
12/11/2014,641.5,172,88
12/10/2014,642,173,77
12/9/2014,663.75,129,65
12/8/2014,663.75,120,57
12/5/2014,678.25,120,49
12/4/2014,682,111,41
12/3/2014,692,111,33
12/2/2014,697,77,48
12/1/2014,695.25,76,65
11/28/2014,707.5,76,84
11/27/2014,698.5,76,102
11/26/2014,739,23,121
11/25/2014,738.5,19,143
11/24/2014,751.25,19,166
11/21/2014,748,19,188
11/20/2014,736,1,210
11/19/2014,740.5,1,234
11/18/2014,742.25,1,258
11/17/2014,742.5,1,281
11/14/2014,741.75,1,305
11/13/2014,748,1,328
11/12/2014,764,335,352
11/11/2014,764,330,353
11/10/2014,772.5,355,355
11/7/2014,773.25,355,355
11/6/2014,766.25,355,355
11/5/2014,767,355,355
11/4/2014,768.5,355,355
11/3/2014,782.75,355,355
10/31/2014,781.5,355,355
10/30/2014,788.5,355,344
10/29/2014,795.25,355,332
10/28/2014,786.5,355,321
10/27/2014,783,355,309
10/24/2014,780,355,298
10/23/2014,781.25,355,286
10/22/2014,779.25,355,275
10/21/2014,774.5,355,263
10/20/2014,779,355,252
10/17/2014,783.75,355,249
10/16/2014,775.75,355,246
10/15/2014,782.5,355,241
10/14/2014,794.25,355,236
10/13/2014,807.75,355,230
10/10/2014,806,183,225
10/9/2014,814.25,183,231
10/8/2014,818.75,183,237
10/7/2014,823.25,183,239
10/6/2014,822.75,183,242
10/3/2014,822.25,183,251
10/2/2014,826.75,183,259
10/1/2014,844.5,183,287
9/30/2014,844.25,183,313
9/29/2014,853,308,339
9/26/2014,855,308,357
9/25/2014,858.75,288,375
9/24/2014,855.75,273,394
9/23/2014,857.5,273,404
9/22/2014,857,273,404
9/19/2014,859.75,273,395
9/18/2014,858.75,273,387
9/17/2014,865,223,379
9/16/2014,864.25,223,374
9/15/2014,861.5,313,369
9/12/2014,861,313,358
9/11/2014,864.25,600,347
9/10/2014,863.25,578,317
9/9/2014,869.25,573,288
9/8/2014,867.5,573,259
9/5/2014,869.75,573,229
9/4/2014,876,573,200
9/3/2014,877,423,171
9/2/2014,871,273,151
9/1/2014,875.5,148,189
8/29/2014,877.25,148,232
8/28/2014,879.25,148,280
8/27/2014,882.25,148,323
8/26/2014,882.25,148,367
8/25/2014,882.25,148,410
8/22/2014,880.25,148,454
8/21/2014,878.75,148,498
8/20/2014,878.25,148,542
8/19/2014,881,133,586
8/18/2014,878.75,133,630
8/15/2014,883.5,133,675
8/14/2014,878.25,133,720
8/13/2014,884,133,765
8/12/2014,885.5,842,810
8/11/2014,891.5,785,808
8/8/2014,889.25,868,809
8/7/2014,889.25,793,805
8/6/2014,885.25,805,806
8/5/2014,879.75,805,806
8/4/2014,887.5,805,809
8/1/2014,886.5,805,811
7/31/2014,891.25,805,813
7/30/2014,896,805,1380
7/29/2014,894.25,807,1959
7/28/2014,891.25,807,2539
7/25/2014,894.5,808,3135
7/24/2014,889,807,3744
7/23/2014,889.75,807,4352
7/22/2014,888.5,807,4977
7/21/2014,888.5,807,5608
7/18/2014,888.5,807,6243
7/17/2014,888,807,6894
7/16/2014,890.25,807,7549
7/15/2014,892.75,839,8190
7/14/2014,890.75,839,8816
7/11/2014,887.75,839,9430
7/10/2014,893.75,9309,10045
7/9/2014,891.5,9491,10089
7/8/2014,893.25,9499,10116
7/7/2014,898.75,9757,10077
7/4/2014,898.5,9941,10004
7/3/2014,902.25,9924,9915
7/2/2014,907.25,10175,9324
7/1/2014,907.25,10274,8716
6/30/2014,906.75,10342,8102
6/27/2014,908.75,10569,7482
6/26/2014,910,10628,6848
6/25/2014,912.75,10430,6188
6/24/2014,918.75,10227,5539
6/23/2014,911.75,10042,4904
6/20/2014,913,10066,4275
6/19/2014,914.25,9977,3644
6/18/2014,909,9887,3019
6/17/2014,906.25,8917,2400
6/16/2014,899.75,8654,1845
6/13/2014,892.75,8609,1308
6/12/2014,894.5,1063,775
6/11/2014,884.25,1056,744
6/10/2014,880,1056,713
6/9/2014,885.5,1056,683
6/6/2014,879.25,1056,653
6/5/2014,881.25,723,622
6/4/2014,881.25,701,614
6/3/2014,880.75,701,608
6/2/2014,881.75,601,635
5/30/2014,881.5,,
5/29/2014,890.75,601,665
5/28/2014,887.5,601,696
5/27/2014,890.25,601,726
5/26/2014,888.5,601,755
5/23/2014,890,601,783
5/22/2014,890.5,601,812
5/21/2014,891,601,841
5/20/2014,887.25,601,870
5/19/2014,888.25,601,898
5/16/2014,890.25,601,927
5/15/2014,887.25,601,956
5/14/2014,887,601,985
5/13/2014,882.25,601,1013
5/12/2014,882.75,1107,1042
5/9/2014,881.25,1057,1037
5/8/2014,880.25,1057,1035
5/7/2014,881,1057,1034
5/6/2014,877.5,1032,1032
5/5/2014,874.25,1032,1032
5/2/2014,883.25,1032,1032
5/1/2014,877.5,1032,1013
4/30/2014,879.25,1032,995
4/29/2014,888.5,1032,976
4/28/2014,884.5,1032,958
4/25/2014,889,1032,940
4/24/2014,895,1032,921
4/23/2014,890,1032,903
4/22/2014,889.75,1032,886
4/21/2014,894.75,1032,870
4/17/2014,894.75,1032,853
4/16/2014,892.75,1032,837
4/15/2014,891,1032,820
4/14/2014,887,1031,804
4/11/2014,884.25,1031,787
4/10/2014,885.5,755,771
4/9/2014,888,755,773
4/8/2014,883.5,755,775
4/7/2014,878.5,755,777
4/4/2014,882.5,755,779
4/3/2014,874.5,755,781
4/2/2014,868.5,755,783
4/1/2014,880.75,785,733
3/31/2014,881.5,785,682
3/28/2014,887.25,785,631
3/27/2014,886.25,785,580
3/26/2014,881,785,530
3/25/2014,886,785,479
3/24/2014,882,785,428
3/21/2014,885.25,785,378
3/20/2014,877.25,785,327
3/19/2014,877.75,785,276
3/18/2014,881.25,785,226
3/17/2014,880.25,785,175
3/14/2014,888,785,124
3/13/2014,879.75,785,74
3/12/2014,883.5,11,23
3/11/2014,886.75,11,24
3/10/2014,885.5,,
3/7/2014,888.5,,
3/6/2014,882.25,,
3/5/2014,883.25,,
3/4/2014,889.5,,
3/3/2014,901,,
2/28/2014,892,,
2/27/2014,888.5,,
2/26/2014,893.5,,
2/25/2014,892,,
2/24/2014,898.5,,
2/21/2014,896,,
2/20/2014,896.5,,
2/19/2014,899.25,,
2/18/2014,897,,
2/17/2014,892.25,,
2/14/2014,889.75,,
2/13/2014,890.5,,
2/12/2014,892.75,25,25
2/11/2014,891.75,25,25
2/10/2014,892.75,25,25
2/7/2014,890.75,25,25
2/6/2014,883.75,25,25
2/5/2014,876.25,25,25
2/4/2014,877.75,25,25
2/3/2014,873,25,25
1/31/2014,882.75,25,25
1/30/2014,887.75,25,37
1/29/2014,886.75,25,48
1/28/2014,888,25,60
1/27/2014,884,25,72
1/24/2014,885,25,84
1/23/2014,889.75,25,95
1/22/2014,888.25,25,107
1/21/2014,886.25,25,119
1/20/2014,879.25,25,131
1/17/2014,885,25,142
1/16/2014,881,25,154
1/15/2014,887.75,25,166
1/14/2014,879.25,25,178
1/13/2014,881.5,25,189
1/10/2014,882.75,201,201
1/9/2014,885.75,201,201
1/8/2014,888,201,201
1/7/2014,887.25,201,201
1/6/2014,888.5,201,377
1/3/2014,884.75,201,552
1/2/2014,894.75,201,728
12/31/2013,908.5,201,904
12/30/2013,911.25,201,1078
12/27/2013,918.25,201,1249
12/26/2013,917,,
12/24/2013,913.25,201,1418
12/23/2013,913.25,201,1587
12/20/2013,910,201,1755
12/19/2013,908,201,1922
12/18/2013,905.75,201,2089
12/17/2013,902,201,2257
12/16/2013,906.5,201,2424
12/13/2013,898.75,201,2592
12/12/2013,907.75,,
12/11/2013,910.5,,
12/10/2013,907.25,,
12/9/2013,909,,
12/6/2013,914.5,,
12/5/2013,914,,
12/4/2013,919.75,,
12/3/2013,920,,
12/2/2013,912.5,,
11/29/2013,912.25,,
11/28/2013,911.75,,
11/27/2013,907.25,,
11/26/2013,906.25,,
11/25/2013,899,,
11/22/2013,901.25,,
11/21/2013,893,,
11/20/2013,888.5,,
11/19/2013,891,,
11/18/2013,894.75,,
11/15/2013,891,,
11/14/2013,891.75,,
11/13/2013,885.25,,
11/12/2013,886.75,,
11/11/2013,883,,
11/8/2013,879.75,,
11/7/2013,878,,
11/6/2013,886.5,,
11/5/2013,881.25,,
11/4/2013,883.5,,
11/1/2013,886,,
10/31/2013,896,,
10/30/2013,897.5,,
10/29/2013,891.75,,
10/28/2013,891.75,,
10/25/2013,884,,
10/24/2013,885.25,,
10/23/2013,892.5,,
10/22/2013,895,,
10/21/2013,898.5,,
10/18/2013,897,,
10/17/2013,894.25,,
10/16/2013,902.25,,
10/15/2013,893.75,,
10/14/2013,891.75,,
10/11/2013,893.75,,
9/12/2013,900.25,,
9/11/2013,896.75,,
9/10/2013,895,,
9/9/2013,904.75,,
9/6/2013,908,,
9/5/2013,906.25,,
9/4/2013,901.25,,
9/3/2013,901.75,,
9/2/2013,899.75,,
8/30/2013,905.75,,
8/29/2013,908.75,,
8/28/2013,906.75,,
8/27/2013,909.25,,
8/26/2013,899.5,,
8/23/2013,900.25,,
8/22/2013,897.25,,
8/21/2013,897,,
8/20/2013,897,,
8/19/2013,898.75,,
8/16/2013,898,,
8/15/2013,897.5,,
8/14/2013,890,,
8/13/2013,889.5,,
8/12/2013,866.5,2836,2759
8/9/2013,861.75,2836,2748
8/8/2013,859.75,2836,2737
8/7/2013,866.25,2836,2723
8/6/2013,869,2810,2705
8/5/2013,874.5,2779,2687
8/2/2013,873.75,2729,2672
8/1/2013,876.25,2729,2661
7/31/2013,869.5,2729,4062
7/30/2013,867.25,2709,5473
7/29/2013,869.5,2709,6906
7/26/2013,866.5,2709,8299
7/25/2013,865.5,2715,9644
7/24/2013,864,2715,11006
7/23/2013,867.25,2715,12351
7/22/2013,863,2665,13722
7/19/2013,866.5,2665,15065
7/18/2013,870,2638,16423
7/17/2013,871,2553,17771
7/16/2013,867.75,2553,19117
7/15/2013,868,2553,20456
7/12/2013,870,2553,21791
7/11/2013,868.75,23750,23143
7/10/2013,868.5,23887,23078
7/9/2013,866,24211,22987
7/8/2013,866.75,23606,22904
7/5/2013,862,22886,22871
7/4/2013,855.25,23136,22887
7/3/2013,860.75,22888,22877
7/2/2013,850.75,23287,21531
7/1/2013,848.25,22805,20155
6/28/2013,844.75,23042,18811
6/27/2013,848.5,22859,17452
6/26/2013,836.5,22735,16107
6/25/2013,841.5,22640,14765
6/24/2013,829.75,22585,13430
6/21/2013,833.25,22835,12099
6/20/2013,850.25,22768,10751
6/19/2013,871.5,22528,9408
6/18/2013,870.75,22963,8080
6/17/2013,870.5,23106,6722
6/14/2013,872.5,23132,5355
6/13/2013,861.75,22985,3986
6/12/2013,863,2691,2627
6/11/2013,854.5,2651,2620
6/10/2013,861.25,2651,2617
6/7/2013,862.75,2651,2608
6/6/2013,857.5,2681,2598
6/5/2013,859.75,2603,2584
6/4/2013,849.75,2620,2566
6/3/2013,851.25,2620,2548
5/31/2013,843.75,2620,2529
5/30/2013,852.5,2620,2465
5/29/2013,856.25,2600,2402
5/28/2013,865.25,2600,2339
5/27/2013,854.5,2600,2276
5/24/2013,851.25,2600,2205
5/23/2013,849.75,2600,2134
5/22/2013,861.75,2586,2062
5/21/2013,864.25,2607,1981
5/20/2013,868.75,2507,1899
5/17/2013,865.25,2511,1823
5/16/2013,866.75,2459,1748
5/15/2013,848.75,2344,1673
5/14/2013,858.5,2344,1603
5/13/2013,858.5,2343,1531
5/10/2013,852.5,1661,1458
5/9/2013,866,1661,1433
5/8/2013,864.25,1661,1398
5/7/2013,867.75,1661,1363
5/6/2013,865.75,1529,1328
5/3/2013,863.5,1541,1302
5/2/2013,843.75,1522,1276
5/1/2013,832.5,1370,1493
4/30/2013,852.5,1370,1712
4/29/2013,858.25,1370,1881
4/26/2013,857.5,1381,2050
4/25/2013,858.5,1340,2219
4/24/2013,853.25,1297,2391
4/23/2013,848.25,1256,2565
4/22/2013,846.5,1254,2742
4/19/2013,840.5,1276,2917
4/18/2013,838.5,1140,3091
4/17/2013,839.25,1140,3265
4/16/2013,848.5,1140,3438
4/15/2013,851,1140,3571
4/12/2013,860.25,1140,3705
4/11/2013,877,4787,3838
4/10/2013,877.75,4651,3727
4/9/2013,873.25,3901,3623
4/8/2013,876.25,3913,3567
4/5/2013,875.25,3913,3510
4/4/2013,878,3923,3454
4/3/2013,891.5,3903,3387
4/2/2013,900.75,3903,3263
4/1/2013,898.25,3889,3126
3/28/2013,894.25,3889,2986
3/27/2013,893.75,3739,2833
3/26/2013,886.75,3739,2689
3/25/2013,881.5,3139,2544
3/22/2013,879.75,3139,2425
3/21/2013,879.5,3139,2290
3/20/2013,880.25,3118,2155
3/19/2013,884.75,3093,2021
3/18/2013,887,3064,1889
3/15/2013,889,3064,1759
3/14/2013,884.75,3064,1629
3/13/2013,884.5,2919,1500
3/12/2013,889.5,2048,1380
3/11/2013,888.5,1854,1317
3/8/2013,886.75,1785,1267
3/7/2013,888.75,1585,1222
3/6/2013,885,1585,1190
3/5/2013,883.25,1560,1159
3/4/2013,879,1359,1261
3/1/2013,880.75,1111,1377
2/28/2013,890.75,1111,1509
2/27/2013,892.75,1111,1632
2/26/2013,897.75,1111,1754
2/25/2013,909,1119,1877
2/22/2013,905,1119,1998
2/21/2013,908,1119,2120
2/20/2013,919.75,1119,2239
2/19/2013,923.75,1108,2339
2/18/2013,924.75,1108,2436
2/15/2013,920.25,1108,2544
2/14/2013,927,1108,2649
2/13/2013,926.25,1108,2750
2/12/2013,927,3097,2844
2/11/2013,926.75,3097,2799
2/8/2013,928.25,3097,2754
2/7/2013,919,2947,2708
2/6/2013,918.5,2947,2677
2/5/2013,914.25,2947,2645
2/4/2013,913,2947,2615
2/1/2013,917.75,2947,2584
1/31/2013,908.5,2899,2554
1/30/2013,904.25,2614,3398
1/29/2013,901.25,2564,4242
1/28/2013,892.25,2732,5094
1/25/2013,893.5,2689,5941
1/24/2013,898.5,2624,6780
1/23/2013,893.75,2518,7617
1/22/2013,892.25,2418,8440
1/21/2013,890.75,2416,9271
1/18/2013,887.5,2416,10125
1/17/2013,889,2472,10978
1/16/2013,887,2471,11824
1/15/2013,890.25,2491,12675
1/14/2013,891.25,2491,13525
1/11/2013,884,2491,14373
1/10/2013,902.25,15570,15197
1/9/2013,898,15263,15141
1/8/2013,896,15353,15108
1/7/2013,894.25,15425,15068
1/4/2013,890.25,15286,15004
1/3/2013,896.75,15178,14110
1/2/2013,899,14857,13223
12/31/2012,886,14891,12357
12/28/2012,889.75,15214,11486
12/27/2012,893.5,15215,10594
12/26/2012,899.25,15162,9702
12/24/2012,885,15243,8813
12/21/2012,886.75,15241,7921
12/20/2012,893,15208,7030
12/19/2012,891.25,14844,6141
12/18/2012,886.5,14741,5276
12/17/2012,882.5,14761,4418
12/14/2012,882.5,14754,3555
12/13/2012,880.75,14469,2689
12/12/2012,888.75,1871,1844
12/11/2012,879.25,1872,1838
12/10/2012,884.75,1872,1827
12/7/2012,882.25,1822,1816
12/6/2012,883.75,1837,1809
12/5/2012,894,1830,1798
12/4/2012,900.25,1830,1770
12/3/2012,908.75,1869,1743
11/30/2012,908.75,1869,1648
11/29/2012,908,1869,1553
11/28/2012,897,1869,1457
11/27/2012,904.5,1869,1362
11/26/2012,908.25,1817,1266
11/23/2012,909.25,1767,1174
11/22/2012,905,1798,1085
11/21/2012,903.75,1773,991
11/20/2012,902,1711,898
11/19/2012,905.25,1711,810
11/16/2012,887.5,1711,722
11/15/2012,896.5,1671,633
11/14/2012,896,1421,547
11/13/2012,894.75,1421,478
11/12/2012,901.25,440,409
11/9/2012,890.75,440,406
11/8/2012,883,440,402
11/7/2012,890.25,435,406
11/6/2012,895.5,435,409
11/5/2012,879.25,435,413
11/2/2012,882,435,416
11/1/2012,890.5,385,420
10/31/2012,891.25,385,583
10/30/2012,890.25,385,746
10/29/2012,888.75,385,909
10/26/2012,890.75,385,1046
10/25/2012,882.75,385,1189
10/24/2012,885,385,1332
10/23/2012,887.5,385,1475
10/22/2012,902,385,1617
10/19/2012,913.75,385,1760
10/18/2012,919.25,494,1903
10/17/2012,924.75,489,2039
10/16/2012,925,489,2168
10/15/2012,919,489,2297
10/12/2012,919.5,489,2421
10/11/2012,929,2832,2546
10/10/2012,925,2832,2512
10/9/2012,916,2832,2479
10/8/2012,911.25,2431,2446
10/5/2012,908.75,2531,2439
10/4/2012,898.5,2528,2426
10/3/2012,894.75,2528,2413
10/2/2012,914.5,2528,2370
10/1/2012,914.5,2528,2327
9/28/2012,912.25,2528,2284
9/27/2012,911,2524,2242
9/26/2012,896.75,2424,2190
9/25/2012,911.5,2424,2146
9/24/2012,902,2358,2101
9/21/2012,908.5,2358,2061
9/20/2012,896.75,2332,2021
9/19/2012,898.25,2332,1983
9/18/2012,922.75,2332,1944
9/17/2012,941,2332,1904
9/14/2012,944,2332,1865
9/13/2012,940.5,2332,1826
9/12/2012,943.25,1886,1787
9/11/2012,939.5,1886,1771
9/10/2012,939.25,1886,1755
9/7/2012,936,1886,1739
9/6/2012,940.25,1756,1723
9/5/2012,933,1756,1712
9/4/2012,937.75,1756,1699
9/3/2012,942,1756,1686
8/31/2012,936.25,1756,1673
8/30/2012,927.75,1756,1789
8/29/2012,925.75,1745,1898
8/28/2012,925.25,1745,2008
8/27/2012,926.75,1745,2112
8/24/2012,933.25,1745,2209
8/23/2012,942.5,1745,2306
8/22/2012,937.25,1645,2404
8/21/2012,938.25,1645,2511
8/20/2012,929.75,1645,2612
8/17/2012,933,1645,2713
8/16/2012,927.75,1595,2815
8/15/2012,924.75,1559,2918
8/14/2012,918.5,1559,3015
8/13/2012,917.75,1559,3112
8/10/2012,915.5,3500,3209
8/9/2012,920,3396,3165
8/8/2012,914.5,3396,3142
8/7/2012,908.5,3300,3119
8/6/2012,899,3203,3103
8/3/2012,890.75,3203,3091
8/2/2012,876.75,3203,3083
8/1/2012,881.25,3253,4593
7/31/2012,881.5,3164,6064
7/30/2012,885.25,3164,7507
7/27/2012,883.5,3164,8931
7/26/2012,878.5,3154,10357
7/25/2012,865.5,3013,11779
7/24/2012,866.25,3013,13222
7/23/2012,868.25,3009,14690
7/20/2012,887,2835,16254
7/19/2012,890.5,3055,17854
7/18/2012,878.25,3055,19372
7/17/2012,872,3055,20869
7/16/2012,871,3032,22377
7/13/2012,860,3079,23888
7/12/2012,845.75,25856,25392
7/11/2012,846.5,25307,25328
7/10/2012,847,24815,25241
7/9/2012,849,24523,25142
7/6/2012,843.5,24557,25080
7/5/2012,859.75,24486,24988
7/4/2012,852.75,24652,24918
7/3/2012,859,25029,24880
7/2/2012,833,26469,23478
6/29/2012,833.5,26839,21981
6/28/2012,813,25819,20457
6/27/2012,817.5,25512,19001
6/26/2012,813,25682,17562
6/25/2012,807.75,25696,16106
6/22/2012,811.75,25642,14653
6/21/2012,814.75,24897,13202
6/20/2012,832.25,24004,11800
6/19/2012,837.25,23319,10465
6/18/2012,832,23602,9175
6/15/2012,838.5,23175,7853
6/14/2012,836.5,23427,6569
6/13/2012,840.25,24081,5267
6/12/2012,842.75,4012,3921
6/11/2012,842.75,4009,3912
6/8/2012,837.75,3972,3884
6/7/2012,848.75,3982,3844
6/6/2012,851.25,3932,3804
6/5/2012,836,3844,3778
6/4/2012,834.25,3890,3756
6/1/2012,837.75,3890,3718
5/31/2012,859.5,3855,3679
5/30/2012,867.75,3978,3511
5/29/2012,888.5,3982,3334
5/28/2012,888.5,3767,3157
5/25/2012,884.25,3907,2992
5/24/2012,880.75,3907,2818
5/23/2012,878.5,3889,2641
5/22/2012,891.75,3869,2463
5/21/2012,886.5,3592,2285
5/18/2012,885,3383,2126
5/17/2012,892.75,3382,1979
5/16/2012,901.75,3532,1832
5/15/2012,902.75,3521,1669
5/14/2012,904.25,3318,1508
5/11/2012,916,3305,1360
5/10/2012,918.25,1329,1213
5/9/2012,916,1327,1198
5/8/2012,908,1327,1183
5/7/2012,914.75,1293,1168
5/4/2012,919.5,1293,1155
5/3/2012,946.25,1251,1142
5/2/2012,954.75,1224,1238
5/1/2012,966.5,1199,1336
4/30/2012,958.75,1199,1436
4/27/2012,957.75,1181,1539
4/26/2012,965,1181,1643
4/25/2012,953,1086,1748
4/24/2012,953.25,1102,1857
4/23/2012,946.5,1102,1966
4/20/2012,957.5,1102,2077
4/19/2012,952,1102,2180
4/18/2012,946,1102,2283
4/17/2012,954.25,1101,2367
4/16/2012,952,1101,2454
4/13/2012,964.5,1101,2538
4/12/2012,967,2690,2622
4/11/2012,961.5,2690,2592
4/10/2012,963,2696,2562
4/9/2012,964.5,2744,2531
4/5/2012,974.5,2748,2498
4/4/2012,973.75,2747,2465
4/3/2012,989,2732,2431
4/2/2012,978.75,2732,2394
3/30/2012,970.5,2769,2279
3/29/2012,971.5,2652,2162
3/28/2012,980,2647,2052
3/27/2012,982.75,2360,1942
3/26/2012,988,2406,1852
3/23/2012,984,2360,1756
3/22/2012,973,2360,1664
3/21/2012,983,2235,1576
3/20/2012,988,2235,1493
3/19/2012,991.75,2245,1411
3/16/2012,988,2245,1327
3/15/2012,980.75,2245,1244
3/14/2012,994.5,2235,1161
3/13/2012,996.5,2190,1078
3/12/2012,993.25,1002,998
3/9/2012,995,1006,998
3/8/2012,998.75,1006,997
3/7/2012,978.25,1006,996
3/6/2012,973.5,1009,992
3/5/2012,976,959,987
3/2/2012,969.75,985,985
3/1/2012,970.5,1035,1094
2/29/2012,958.25,995,1189
2/28/2012,977.5,995,1286
2/27/2012,981.5,995,1384
2/24/2012,979.5,995,1480
2/23/2012,974.75,995,1577
2/22/2012,972.5,995,1674
2/21/2012,970.5,995,1771
2/20/2012,966.75,995,1868
2/17/2012,954.5,995,1962
2/16/2012,956.5,995,2057
2/15/2012,956,935,2131
2/14/2012,950,935,2195
2/13/2012,954.25,931,2259
2/10/2012,952.5,2619,2319
2/9/2012,957.25,2459,2267
2/8/2012,946.5,2459,2225
2/7/2012,951.75,2459,2183
2/6/2012,945.75,2444,2141
2/3/2012,927,2444,2100
2/2/2012,919.75,2444,2059
2/1/2012,923.25,2450,2611
1/31/2012,915.25,2450,3162
1/30/2012,916.5,2415,3712
1/27/2012,918.5,2414,4290
1/26/2012,917.5,2114,4867
1/25/2012,916.25,1889,5465
1/24/2012,916.5,1889,6085
1/23/2012,915.75,1839,6695
1/20/2012,910,1839,7318
1/19/2012,918.5,1829,7934
1/18/2012,917.5,1829,8551
1/17/2012,924.5,1829,9166
1/16/2012,924.75,1829,9781
1/13/2012,915.25,1829,10396
1/12/2012,934.25,10717,11025
1/11/2012,929.75,10717,11050
1/10/2012,936,10699,11081
1/9/2012,929,11087,11089
1/6/2012,929.25,11068,11072
1/5/2012,931.25,11089,11052
1/4/2012,923.25,11179,11023
1/3/2012,903.75,11045,11009
12/30/2011,885.75,11181,10375
12/29/2011,885.5,11081,9726
12/28/2011,884,11081,9083
12/27/2011,896,11056,8440
12/26/2011,,11056,7799
12/23/2011,884,11056,7158
12/22/2011,889,11256,6517
12/21/2011,884.25,11103,5862
12/20/2011,880.5,11176,5220
12/19/2011,867.5,10824,4574
12/16/2011,873,10824,3951
12/15/2011,878.75,10767,3327
12/14/2011,886.25,10658,2708
12/13/2011,910.5,10978,2096
12/12/2011,905.75,1534,1469
12/9/2011,910.25,1438,1462
12/8/2011,914,1438,1461
12/7/2011,916.25,1438,1461
12/6/2011,916.75,1438,1460
12/5/2011,918.75,1438,1456
12/2/2011,911.75,1438,1452
12/1/2011,904.25,1438,1441
11/30/2011,912.75,1477,1378
11/29/2011,903.5,1477,1313
11/28/2011,895,1477,1248
11/25/2011,891.25,1477,1183
11/24/2011,903.5,1477,1117
11/23/2011,904,1477,1052
11/22/2011,910,1577,988
11/21/2011,902,1427,914
11/18/2011,919.25,1427,849
11/17/2011,923.25,1427,784
11/16/2011,931,1427,720
11/15/2011,932.25,1377,656
11/14/2011,929.25,1377,595
11/11/2011,926,1277,533
11/10/2011,919.75,498,475
11/9/2011,932,498,468
11/8/2011,927.5,498,461
11/7/2011,921.75,498,454
11/4/2011,910.25,498,447
11/3/2011,902.75,498,439
11/2/2011,900,518,432
11/1/2011,878,468,466
10/31/2011,894,453,487
10/28/2011,907.5,453,508
10/27/2011,909.5,468,524
10/26/2011,890.25,468,535
10/25/2011,888.75,448,545
10/24/2011,886.75,448,557
10/21/2011,889.25,408,569
10/20/2011,875,395,583
10/19/2011,896.25,395,599
10/18/2011,883.5,394,609
10/17/2011,889.75,394,619
10/14/2011,887,384,630
10/13/2011,870,384,641
10/12/2011,881,1035,645
10/11/2011,872.5,785,603
10/10/2011,873.5,760,577
10/7/2011,858.25,700,553
10/6/2011,844.25,625,532
10/5/2011,835.5,625,517
10/4/2011,824.5,625,502
10/3/2011,834.5,625,486
9/30/2011,846.5,625,527
9/29/2011,861.25,625,567
9/28/2011,871.5,550,608
9/27/2011,876.5,550,653
9/26/2011,862.75,550,699
9/23/2011,868.25,550,745
9/22/2011,872,450,790
9/21/2011,912.75,400,842
9/20/2011,907.25,395,900
9/19/2011,902,395,958
9/16/2011,917.75,395,1016
9/15/2011,923.5,395,1074
9/14/2011,902.5,395,1132
9/13/2011,907.5,395,1190
9/12/2011,914,1233,1248
9/9/2011,917.25,1233,1251
9/8/2011,946.75,1233,1253
9/7/2011,953,1233,1255
9/6/2011,922.75,1233,1257
9/5/2011,917.75,1233,1258
9/2/2011,935.25,1233,1259
9/1/2011,948.25,1233,1260
8/31/2011,950,1266,1360
8/30/2011,949.75,1266,1450
8/29/2011,939.25,1266,1539
8/26/2011,928.25,1266,1629
8/25/2011,927.25,1266,1718
8/24/2011,925.25,1266,1794
8/23/2011,913.75,1266,1870
8/22/2011,906.25,1266,1946
8/19/2011,911.5,1266,2018
8/18/2011,908.5,1266,2089
8/17/2011,930.75,1266,2161
8/16/2011,925.75,1246,2242
8/15/2011,918.5,1246,2325
8/12/2011,910.25,1246,2408
8/11/2011,902.25,2738,2491
8/10/2011,893.25,2608,2474
8/9/2011,898.25,2608,2473
8/8/2011,910.25,2608,2473
8/5/2011,920.75,2608,2468
8/4/2011,942,2408,2463
8/3/2011,965,2408,2471
8/2/2011,980.25,2408,2479
8/1/2011,981.5,2338,4214
7/29/2011,985.75,2338,5912
7/28/2011,996.25,2338,7606
7/27/2011,993.75,2488,9269
7/26/2011,997,2488,10855
7/25/2011,995.75,2488,12455
7/22/2011,999.25,2488,14035
7/21/2011,1000.5,2488,15616
7/20/2011,995.25,2588,17210
7/19/2011,991.5,2619,18848
7/18/2011,983.75,2529,20504
7/15/2011,993.75,2529,22188
7/14/2011,988,2529,23898
7/13/2011,999.75,2529,25567
7/12/2011,983.5,28432,27282
7/11/2011,976.5,27805,27273
7/8/2011,982,27747,27307
7/7/2011,982.25,27293,27333
7/6/2011,955,26278,27387
7/5/2011,954,26480,27493
7/4/2011,941.25,26185,27575
7/1/2011,933.75,26206,27618
6/30/2011,949.5,26399,26020
6/29/2011,951,27161,24410
6/28/2011,921.5,27453,22748
6/27/2011,908.25,27791,21068
6/24/2011,908.75,28185,19364
6/23/2011,915.5,27555,17634
6/22/2011,948.75,28265,15948
6/21/2011,942.75,28286,14220
6/20/2011,950.75,28322,12485
6/17/2011,953.5,28132,10747
6/16/2011,958.25,28108,9021
6/15/2011,986.25,27873,7297
6/14/2011,996.75,27705,5589
6/13/2011,992.75,26831,3892
6/10/2011,983,2240,2250
6/9/2011,988,2240,2252
6/8/2011,984,2240,2254
6/7/2011,967.5,2240,2256
6/6/2011,961.75,2240,2258
6/3/2011,962.25,2240,2262
6/2/2011,955.25,2254,2266
6/1/2011,968.75,2352,2250
5/31/2011,970,2252,2228
5/30/2011,952.75,2252,2221
5/27/2011,949.75,2252,2221
5/26/2011,951.25,2251,2221
5/25/2011,946.75,2251,2215
5/24/2011,930.5,2250,2202
5/23/2011,911.75,2197,2190
5/20/2011,919.5,2269,2181
5/19/2011,928.25,2272,2168
5/18/2011,926.5,2272,2155
5/17/2011,905,2272,2142
5/16/2011,935,2297,2129
5/13/2011,926.25,2297,2111
5/12/2011,924,2017,2093
5/11/2011,947.5,2017,2084
5/10/2011,953.75,2150,2075
5/9/2011,930.25,2250,2057
5/6/2011,940,2248,2031
5/5/2011,947.5,2163,2007
5/4/2011,1003.5,2063,1987
5/3/2011,1019.25,2063,1935
5/2/2011,1038.5,2063,1882
4/29/2011,1030.5,2076,1830
4/28/2011,1034.75,2076,1769
4/27/2011,1025.25,2076,1708
4/26/2011,1021,2076,1647
4/25/2011,1013.75,2026,1586
4/21/2011,1017,2026,1528
4/20/2011,1020.25,1884,1471
4/19/2011,1002.75,1884,1423
4/18/2011,1004.25,1874,1374
4/15/2011,1021.75,1874,1323
4/14/2011,1011.25,1874,1272
4/13/2011,1013,1874,1220
4/12/2011,1003.75,1276,1155
4/11/2011,1034.25,1276,1130
4/8/2011,1030.75,1276,1104
4/7/2011,1008.75,1160,1080
4/6/2011,1009.5,1160,1063
4/5/2011,1007.5,1163,1045
4/4/2011,993.5,1162,1027
4/1/2011,986.25,1162,1008
3/31/2011,979.75,1162,989
3/30/2011,968.5,1162,950
3/29/2011,971.5,1162,911
3/28/2011,974.75,1109,871
3/25/2011,973.75,1109,836
3/24/2011,974.25,1084,800
3/23/2011,976,898,766
3/22/2011,976.5,898,737
3/21/2011,965.5,898,709
3/18/2011,953.25,911,681
3/17/2011,953.5,911,652
3/16/2011,935,886,616
3/15/2011,940.5,886,582
3/14/2011,952,886,547
3/11/2011,957.75,875,513
3/10/2011,959.5,573,480
3/9/2011,976.5,573,466
3/8/2011,964.5,573,453
3/7/2011,983.75,573,440
3/4/2011,977.75,573,426
3/3/2011,975.75,573,413
3/2/2011,980,473,589
3/1/2011,964.25,473,762
2/28/2011,955.5,473,936
2/25/2011,947.25,473,1109
2/24/2011,944,373,1282
2/23/2011,929,373,1454
2/22/2011,921.25,373,1617
2/21/2011,913.5,373,1780
2/18/2011,900.75,373,1937
2/17/2011,909.75,373,2094
2/16/2011,901.5,373,2249
2/15/2011,899.5,373,2371
2/14/2011,905.5,373,2492
2/11/2011,887.5,373,2592
2/10/2011,895,3219,2692
2/9/2011,887.75,3069,
2/8/2011,883,3069,
2/7/2011,884.75,3069,
2/4/2011,882.25,3069,
2/3/2011,896.5,2953,
2/2/2011,889.75,2824,
2/1/2011,876.75,2824,
1/31/2011,868.5,2724,
1/28/2011,858.75,2724,
1/27/2011,851.25,2698,
1/26/2011,844.75,2198,
1/25/2011,833.75,2198,
1/24/2011,847.5,1874,
1/21/2011,840.75,1874,
